"Time (s)","Gyroscope x (rad/s)","Gyroscope y (rad/s)","Gyroscope z (rad/s)","Absolute (rad/s)"
0.000000000E0,1.419502217E-2,-2.154017091E-1,2.035504729E-1,2.967021906E-1
9.969000006E-3,-1.269232184E-1,-2.380657345E-1,2.478849143E-1,3.663764840E-1
1.993700000E-2,-2.510813475E-1,-2.629937530E-1,3.033770025E-1,4.735453123E-1
2.990600001E-2,-3.492593169E-1,-3.124979138E-1,3.736647367E-1,5.993849782E-1
3.987400001E-2,-4.190239012E-1,-3.709151447E-1,4.526560307E-1,7.197614580E-1
4.984300002E-2,-4.553030729E-1,-4.384856820E-1,5.322079062E-1,8.263267132E-1
5.981100001E-2,-4.419970810E-1,-5.119783282E-1,6.179521680E-1,9.161594349E-1
6.978000002E-2,-3.754561543E-1,-5.923040509E-1,6.896167397E-1,9.835459625E-1
7.974800002E-2,-2.675373554E-1,-6.441437602E-1,7.355053425E-1,1.013639743E0
8.971600002E-2,-1.477422565E-1,-7.168025374E-1,7.809804082E-1,1.070310259E0
9.968500002E-2,-8.086236566E-2,-8.228467703E-1,8.296695352E-1,1.171309979E0
1.096530000E-1,-9.972713888E-2,-8.161484003E-1,9.075267911E-1,1.224601401E0
1.196220000E-1,-2.068070769E-1,-7.853137255E-1,9.753019810E-1,1.269133866E0
1.295900000E-1,-3.362987638E-1,-7.497975230E-1,1.006081462E0,1.299035447E0
1.395590000E-1,-4.460301101E-1,-7.436618805E-1,1.006254077E0,1.328353537E0
1.495270000E-1,-5.142027736E-1,-7.813099623E-1,9.852849245E-1,1.358541914E0
1.594950000E-1,-5.413478613E-1,-8.391844630E-1,9.750233889E-1,1.395692903E0
1.694640000E-1,-5.930944085E-1,-1.050897717E0,9.644567370E-1,1.544773054E0
1.794320000E-1,-6.946511865E-1,-1.306495428E0,9.679241776E-1,1.768148124E0
1.894010000E-1,-8.318133354E-1,-1.475464225E0,9.903506041E-1,1.962065856E0
1.993690000E-1,-1.018639207E0,-1.576989532E0,1.024489284E0,2.138714593E0
2.093380000E-1,-1.232388258E0,-1.458332300E0,1.073427558E0,2.190379108E0
2.193060000E-1,-1.504657269E0,-1.139192939E0,1.096883416E0,2.182866756E0
2.292740000E-1,-1.922875047E0,-1.105946064E0,1.005300760E0,2.435404435E0
2.392430000E-1,-2.222361326E0,-1.349283099E0,9.414489269E-1,2.765100510E0
2.492110000E-1,-2.565320492E0,-1.244823813E0,9.419488311E-1,3.002952406E0
2.591800000E-1,-2.891323090E0,-1.168971658E0,8.975929022E-1,3.245291507E0
2.691480000E-1,-3.226292610E0,-9.184978604E-1,7.822298408E-1,3.444486297E0
2.791170000E-1,-3.493090391E0,-7.772732973E-1,5.267546773E-1,3.617085118E0
2.890850000E-1,-3.682887554E0,-8.202044964E-1,1.949866265E-1,3.778149803E0
2.990530000E-1,-3.802944899E0,-7.773604989E-1,-7.629776001E-2,3.882331850E0
3.090220000E-1,-3.842884064E0,-7.896624207E-1,-2.512075305E-1,3.931212267E0
3.189900000E-1,-3.794388533E0,-8.151690960E-1,-3.190149665E-1,3.894053870E0
3.289590000E-1,-3.657066822E0,-7.831147313E-1,-3.062964678E-1,3.752495696E0
3.389270000E-1,-3.381253481E0,-7.608768344E-1,-2.376245558E-1,3.473942154E0
3.488960000E-1,-2.977709770E0,-6.817373037E-1,-1.317495257E-1,3.057593689E0
3.588640000E-1,-2.483321905E0,-4.516126215E-1,-8.105020225E-2,2.525353595E0
3.688330000E-1,-1.989954114E0,-8.475579321E-2,-1.641464233E-1,1.998510688E0
3.788010000E-1,-1.582718611E0,3.045910895E-1,-3.436197937E-1,1.647983160E0
3.887690000E-1,-1.329059958E0,7.130044103E-1,-6.449133158E-1,1.640331932E0
3.987380000E-1,-1.263617635E0,1.008294940E0,-9.631379247E-1,1.881760579E0
4.087060000E-1,-1.341502905E0,1.208877325E0,-1.258320332E0,2.200996249E0
4.186750000E-1,-1.475568056E0,1.362432003E0,-1.648562193E0,2.598322412E0
4.286430000E-1,-1.555703402E0,1.650019288E0,-2.076937675E0,3.075133628E0
4.386120000E-1,-1.498853564E0,2.023403883E0,-2.415075779E0,3.489027988E0
4.485800000E-1,-1.282401681E0,2.479221582E0,-2.573672056E0,3.796693506E0
4.585495834E-1,-9.130452275E-1,2.855897665E0,-2.561951876E0,3.943779973E0
4.685175834E-1,-5.035796762E-1,3.282771349E0,-2.462045193E0,4.134228677E0
4.784855834E-1,-1.019082963E-1,3.738822460E0,-2.415373564E0,4.452326150E0
4.884545833E-1,2.057459354E-1,4.178950310E0,-2.553904295E0,4.901875583E0
4.984225833E-1,4.011174738E-1,4.579292774E0,-2.790363789E0,5.377448058E0
5.083915833E-1,5.277355909E-1,4.919319153E0,-3.007371902E0,5.789861099E0
5.183595833E-1,6.633784771E-1,5.093612194E0,-3.152423620E0,6.026834233E0
5.283285833E-1,8.202796578E-1,5.143690109E0,-3.195107698E0,6.110574430E0
5.382965833E-1,1.003627658E0,5.062637329E0,-3.177068949E0,6.060637946E0
5.482645833E-1,1.189246297E0,4.836408138E0,-3.157168388E0,5.896851929E0
5.582335833E-1,1.375452638E0,4.558449745E0,-3.116931677E0,5.690922343E0
5.682015833E-1,1.566936255E0,4.380028725E0,-2.969959021E0,5.519112015E0
5.781705834E-1,1.721101761E0,4.449556351E0,-2.745711088E0,5.504513818E0
5.881385833E-1,1.876879930E0,4.555315971E0,-2.530024529E0,5.538466032E0
5.981075834E-1,2.105865717E0,4.542523384E0,-2.474483013E0,5.585002712E0
6.080755834E-1,2.416587114E0,4.508408070E0,-2.559679985E0,5.719929915E0
6.180445834E-1,2.774237871E0,4.423970222E0,-2.616936445E0,5.840912998E0
6.280125834E-1,3.155778170E0,4.152117729E0,-2.520983458E0,5.792613839E0
6.379805834E-1,3.517736435E0,3.663899660E0,-2.218476772E0,5.542586899E0
6.479495833E-1,3.808638811E0,3.085782528E0,-1.713152647E0,5.192559619E0
6.579175833E-1,4.014898777E0,2.557048559E0,-1.194651961E0,4.907657571E0
6.678865833E-1,4.188956738E0,2.449373007E0,-6.961572766E-1,4.902185393E0
6.778545833E-1,4.308123112E0,2.701956034E0,-2.750266194E-1,5.092752772E0
6.878235833E-1,4.413891315E0,2.886930466E0,4.795543849E-2,5.274381839E0
6.977915833E-1,4.522577763E0,2.884356022E0,2.321806401E-1,5.369089972E0
7.077595833E-1,4.672907352E0,2.944688320E0,3.509038389E-1,5.534472507E0
7.177285833E-1,4.937126637E0,2.777452230E0,4.208510816E-1,5.680367589E0
7.276965833E-1,5.195444584E0,2.535649300E0,5.384639502E-1,5.806212640E0
7.376655834E-1,5.444447517E0,2.051135302E0,5.814125538E-1,5.846982585E0
7.476335833E-1,5.696883202E0,1.383975267E0,6.416863203E-1,5.897595026E0
7.576025834E-1,5.957142830E0,1.176282287E0,9.015824795E-1,6.138732905E0
7.675705834E-1,6.307659626E0,1.013932347E0,1.283268094E0,6.516241690E0
7.775395834E-1,6.707098007E0,8.858197331E-1,1.778545618E0,6.995217280E0
7.875075834E-1,7.106485844E0,7.976946235E-1,2.485870361E0,7.570865817E0
7.974755834E-1,7.408921719E0,9.471821785E-1,3.306686640E0,8.168442425E0
8.074445833E-1,7.422220230E0,1.360823035E0,4.013630867E0,8.546954148E0
8.174125833E-1,7.053033352E0,1.640958667E0,4.425120354E0,8.486443010E0
8.273815833E-1,6.258134842E0,1.526892543E0,4.457854271E0,7.833780520E0
8.373495833E-1,5.177233696E0,1.342994571E0,4.211853027E0,6.807869644E0
8.473185833E-1,4.005586624E0,1.277000904E0,3.852957249E0,5.702695422E0
8.572865833E-1,2.888504744E0,1.141236067E0,3.433443546E0,4.629731526E0
8.672545833E-1,1.905253172E0,9.173645973E-1,3.121776342E0,3.770548367E0
8.772235833E-1,1.167035580E0,6.994043589E-1,3.145307779E0,3.426966520E0
8.871915833E-1,6.642126441E-1,5.320898890E-1,3.628342867E0,3.726817684E0
8.971605834E-1,3.656087220E-1,3.558488786E-1,4.427423000E0,4.456722180E0
9.071285833E-1,2.471164316E-1,2.032643855E-1,5.387077332E0,5.396571608E0
9.170975834E-1,2.611270845E-1,1.751260608E-1,6.350033283E0,6.357812453E0
9.270655834E-1,3.218477070E-1,2.746763527E-1,7.175079823E0,7.187545026E0
9.370345834E-1,3.502938747E-1,3.356081247E-1,7.762799263E0,7.777942595E0
9.470025834E-1,3.264031708E-1,3.782634437E-1,8.029120445E0,8.044650234E0
9.569705834E-1,2.245888561E-1,4.534090161E-1,7.948941231E0,7.965028975E0
9.669395833E-1,9.416894056E-3,4.784861505E-1,7.586103916E0,7.601184796E0
9.769075833E-1,-2.797852755E-1,4.756121039E-1,7.046779633E0,7.068351283E0
9.868765833E-1,-5.616853833E-1,4.721585214E-1,6.414186001E0,6.456020926E0
9.968445833E-1,-7.776990533E-1,4.711926281E-1,5.840409279E0,5.910771426E0
1.006813583E0,-9.684588909E-1,4.022108912E-1,5.469999790E0,5.569612547E0
1.016781583E0,-1.198849320E0,3.036495447E-1,5.281257153E0,5.424123879E0
1.026750583E0,-1.481730580E0,2.318568677E-1,5.252095222E0,5.462031430E0
1.036718583E0,-1.779380083E0,2.048060745E-1,5.320604801E0,5.613998081E0
1.046686583E0,-2.033916950E0,1.994762868E-1,5.444267750E0,5.815209393E0
1.056655583E0,-2.252279043E0,1.390150040E-1,5.604012966E0,6.041278622E0
1.066623583E0,-2.457283258E0,3.040145151E-2,5.795187473E0,6.294709136E0
1.076592583E0,-2.649472713E0,-8.391303942E-3,5.903922081E0,6.471172383E0
1.086560583E0,-2.825008392E0,5.017879605E-2,5.797407627E0,6.449273255E0
1.096529583E0,-2.992853403E0,9.635075927E-2,5.497828960E0,6.260397610E0
1.106497583E0,-3.120406389E0,4.662554711E-2,5.199842453E0,6.064443215E0
1.116465583E0,-3.182829380E0,-1.719288975E-1,5.047326088E0,5.969544626E0
1.126434583E0,-3.196473837E0,-3.963428140E-1,5.044180870E0,5.984838617E0
1.136402583E0,-3.168061495E0,-5.589830279E-1,5.041098118E0,5.980112532E0
1.146371583E0,-3.141842604E0,-5.900110006E-1,4.941262245E0,5.885181433E0
1.156339583E0,-3.115933418E0,-5.054434538E-1,4.682212830E0,5.646913417E0
1.166308583E0,-3.106547832E0,-3.591381609E-1,4.231791019E0,5.261907913E0
1.176276583E0,-3.115692616E0,-1.388077140E-1,3.701359272E0,4.840131043E0
1.186245583E0,-3.150108099E0,1.643899679E-1,3.204292297E0,4.496409037E0
1.196213583E0,-3.221669912E0,5.520624518E-1,2.832932234E0,4.325440442E0
1.206181583E0,-3.313505888E0,9.839360714E-1,2.629643917E0,4.343095508E0
1.216150583E0,-3.445819378E0,1.277577043E0,2.503961086E0,4.446987228E0
1.226118583E0,-3.661813498E0,1.256376505E0,2.379885197E0,4.544360633E0
1.236087583E0,-3.925350666E0,1.266665816E0,2.260688066E0,4.703565741E0
1.246055583E0,-4.184690475E0,1.253787637E0,2.089081764E0,4.842301150E0
1.256024583E0,-4.374235630E0,1.165441632E0,1.815717578E0,4.877399088E0
1.265992583E0,-4.476143360E0,1.200101137E0,1.429996490E0,4.849844542E0
1.275961583E0,-4.568526745E0,1.317797780E0,9.797369242E-1,4.854679397E0
1.285929583E0,-4.660430908E0,1.568548560E0,5.567140579E-1,4.948726238E0
1.295897583E0,-4.693607330E0,1.891027451E0,1.463727653E-1,5.062347240E0
1.305866583E0,-4.661131859E0,2.293764830E0,-2.952019870E-1,5.203330809E0
1.315834583E0,-4.608075619E0,2.669328213E0,-7.964793444E-1,5.384612647E0
1.325803583E0,-4.581537724E0,2.894000053E0,-1.361072659E0,5.587328790E0
1.335771583E0,-4.629443169E0,2.938086987E0,-1.877112031E0,5.795485206E0
1.345740583E0,-4.615141392E0,3.070161104E0,-2.262133837E0,5.986874708E0
1.355708583E0,-4.467506409E0,3.250561953E0,-2.572939157E0,6.094651953E0
1.365676583E0,-4.175724983E0,3.513658762E0,-2.800411224E0,6.133904145E0
1.375645583E0,-3.785831928E0,3.771100521E0,-3.014470816E0,6.135206339E0
1.385613583E0,-3.347395658E0,4.148891449E0,-3.185818195E0,6.210297539E0
1.395582583E0,-2.885514498E0,4.730537415E0,-3.310727358E0,6.454850408E0
1.405550583E0,-2.445124149E0,5.192161560E0,-3.403602362E0,6.672457029E0
1.415519583E0,-2.049642801E0,5.684710503E0,-3.432913303E0,6.949954162E0
1.425487583E0,-1.710264206E0,6.008152008E0,-3.449782372E0,7.136097856E0
1.435456583E0,-1.484664917E0,5.932631969E0,-3.421809673E0,7.007790910E0
1.445424583E0,-1.386652112E0,5.657166958E0,-3.287169695E0,6.688185604E0
1.455392583E0,-1.376166344E0,5.296708584E0,-3.072654963E0,6.276158391E0
1.465364375E0,-1.392270923E0,4.845401287E0,-2.894998550E0,5.813548706E0
1.475332375E0,-1.392441392E0,4.529176235E0,-2.801380396E0,5.504549257E0
1.485301375E0,-1.306306839E0,4.548813820E0,-2.703471661E0,5.450403998E0
1.495269375E0,-1.093490481E0,4.946291447E0,-2.543467760E0,5.668399135E0
1.505238375E0,-7.329124212E-1,5.434623241E0,-2.442021132E0,6.002979060E0
1.515206375E0,-2.531864643E-1,5.785474777E0,-2.444997311E0,6.286002993E0
1.525175375E0,2.760300040E-1,6.021725655E0,-2.489579916E0,6.521915407E0
1.535143375E0,7.762948871E-1,6.292838573E0,-2.471475124E0,6.805192161E0
1.545111375E0,1.219550610E0,6.461581707E0,-2.394506216E0,6.998071296E0
1.555080375E0,1.624201298E0,6.388157845E0,-2.322096586E0,6.988470724E0
1.565048375E0,1.967742205E0,6.230025291E0,-2.240324497E0,6.906828387E0
1.575017375E0,2.271823168E0,5.909763336E0,-2.181490660E0,6.696669672E0
1.584985375E0,2.526577950E0,5.363383293E0,-2.105172157E0,6.291361243E0
1.594954375E0,2.736173630E0,4.713623047E0,-1.901015043E0,5.772239302E0
1.604922375E0,2.915232897E0,4.076631069E0,-1.586444855E0,5.256834693E0
1.614891375E0,3.099439144E0,3.717588902E0,-1.236920714E0,4.995694456E0
1.624859375E0,3.259692907E0,3.793059111E0,-8.514649868E-1,5.073252201E0
1.634827375E0,3.347957134E0,4.192342758E0,-4.492115080E-1,5.383896893E0
1.644796375E0,3.442900181E0,4.363219738E0,-1.032514349E-1,5.558948551E0
1.654764375E0,3.578823328E0,4.101684093E0,1.238236874E-1,5.444916999E0
1.664733375E0,3.793496370E0,3.770853758E0,2.731702924E-1,5.355798240E0
1.674701375E0,4.097066402E0,3.386090994E0,3.809310794E-1,5.328852955E0
1.684670375E0,4.507111549E0,2.961774588E0,4.814177454E-1,5.414603058E0
1.694638375E0,5.005951405E0,2.523441315E0,6.035185456E-1,5.638398724E0
1.704607375E0,5.525730133E0,2.087935925E0,7.659682035E-1,5.956498738E0
1.714575375E0,5.997339725E0,1.749670744E0,9.983221889E-1,6.326616686E0
1.724543375E0,6.390059948E0,1.510570765E0,1.302266598E0,6.694071143E0
1.734512375E0,6.728428364E0,1.432965040E0,1.641031981E0,7.072349186E0
1.744480375E0,6.997257710E0,1.466841221E0,2.008465052E0,7.426114090E0
1.754449375E0,7.145576477E0,1.494141817E0,2.418945551E0,7.690449957E0
1.764417375E0,7.125271320E0,1.553768396E0,2.827840328E0,7.821788065E0
1.774386375E0,6.914696217E0,1.686724901E0,3.154534578E0,7.785188056E0
1.784354375E0,6.550106049E0,1.755660057E0,3.360761166E0,7.568417741E0
1.794323375E0,6.145983219E0,1.865405917E0,3.487088442E0,7.308394815E0
1.804291375E0,5.733508587E0,1.591220140E0,3.521544933E0,6.914215861E0
1.814259375E0,5.278440475E0,1.192664266E0,3.468156576E0,6.427479439E0
1.824228375E0,4.818196774E0,9.926142097E-1,3.329616785E0,5.940256817E0
1.834196375E0,4.331797600E0,1.162380457E0,3.160269499E0,5.486611165E0
1.844165375E0,3.802774429E0,1.266444325E0,3.060984850E0,5.043273029E0
1.854133375E0,3.287565947E0,1.099451661E0,3.048375845E0,4.616219135E0
1.864102375E0,2.798460722E0,1.017459512E0,3.249507904E0,4.407483169E0
1.874070375E0,2.306999207E0,9.749782681E-1,3.675936937E0,4.448071529E0
1.884039375E0,1.833539367E0,8.788905740E-1,4.236084461E0,4.698800572E0
1.894007375E0,1.362264156E0,7.942528129E-1,4.841615200E0,5.091938620E0
1.903975375E0,8.937001228E-1,7.870660424E-1,5.343012810E0,5.474117166E0
1.913944375E0,4.622921646E-1,7.026929259E-1,5.645181179E0,5.707500498E0
1.923912375E0,9.250798821E-2,5.455248952E-1,5.804481506E0,5.830794174E0
1.933881375E0,-2.244654298E-1,3.212476075E-1,5.876334667E0,5.889388243E0
1.943849375E0,-4.936625361E-1,5.718931183E-2,5.890028477E0,5.910956672E0
1.953818375E0,-7.327010632E-1,-2.124636173E-1,5.875449181E0,5.924769591E0
1.963786375E0,-9.247714281E-1,-3.959362507E-1,5.843098164E0,5.929060959E0
1.973755375E0,-1.128280878E0,-3.147865832E-1,5.842015743E0,5.958293067E0
1.983723375E0,-1.370359063E0,-2.440588363E-2,5.880314827E0,6.037928624E0
1.993691375E0,-1.620924354E0,1.827220172E-1,5.849430084E0,6.072611910E0
2.003660375E0,-1.925818563E0,2.044440955E-1,5.728723526E0,6.047218184E0
2.013628375E0,-2.284865141E0,1.707675755E-1,5.488439083E0,5.947498117E0
2.023597375E0,-2.647575855E0,9.257556498E-2,5.198450565E0,5.834562231E0
2.033565375E0,-2.995753765E0,-4.912358150E-2,4.909843445E0,5.751827223E0
2.043534375E0,-3.320637703E0,-2.280355394E-1,4.640149593E0,5.710483623E0
2.053502375E0,-3.599433661E0,-3.563777804E-1,4.420923233E0,5.712047797E0
2.063471375E0,-3.840323687E0,-4.466395080E-1,4.257500172E0,5.750989530E0
2.073439375E0,-4.063723564E0,-6.235072017E-1,4.140902996E0,5.835211055E0
2.083407375E0,-4.297236443E0,-7.843980789E-1,4.077604294E0,5.975648765E0
2.093376375E0,-4.504974365E0,-7.822049856E-1,4.094689369E0,6.137843245E0
2.103344375E0,-4.624595642E0,-7.335498333E-1,4.173599243E0,6.272472467E0
2.113313375E0,-4.630173683E0,-7.610070109E-1,4.231487274E0,6.318474860E0
2.123281375E0,-4.528743744E0,-7.847387195E-1,4.209774017E0,6.232778837E0
2.133250375E0,-4.383909225E0,-7.032663226E-1,4.044217587E0,6.005742211E0
2.143218375E0,-4.238675594E0,-6.157857180E-1,3.720811129E0,5.673623031E0
2.153187375E0,-4.124336720E0,-4.965756238E-1,3.306362152E0,5.309309880E0
2.163155375E0,-4.042315483E0,-4.032523334E-1,2.863672256E0,4.970266160E0
2.173123375E0,-3.986222506E0,-3.265493512E-1,2.490357876E0,4.711527002E0
2.183092375E0,-3.937136412E0,-3.050152957E-1,2.244048357E0,4.542007319E0
2.193060375E0,-3.884623289E0,-2.090529650E-1,2.118707895E0,4.429777013E0
2.203029375E0,-3.900858879E0,-1.661007106E-1,1.999568224E0,4.386634533E0
2.212997375E0,-3.966854334E0,-1.420621127E-1,1.844659805E0,4.377086331E0
2.222966375E0,-4.065080166E0,-7.135679573E-2,1.608604670E0,4.372365210E0
2.232934375E0,-4.173213005E0,6.058281753E-3,1.269534349E0,4.362047794E0
2.242903375E0,-4.237503529E0,1.591421068E-1,8.842220306E-1,4.331698393E0
2.252871375E0,-4.216211319E0,5.179136395E-1,5.119739175E-1,4.278643443E0
2.262839375E0,-4.095020771E0,8.838762045E-1,1.602904350E-1,4.192388971E0
2.272808375E0,-3.926820278E0,1.252377033E0,-9.798385203E-2,4.122859028E0
2.282776375E0,-3.778052568E0,1.746959329E0,-2.606625259E-1,4.170550690E0
2.292745375E0,-3.754139900E0,2.025859118E0,-3.921271861E-1,4.283857524E0
2.302713375E0,-3.858690262E0,2.019334555E0,-5.537354946E-1,4.390196531E0
2.312682375E0,-3.978987455E0,2.017440081E0,-7.057002783E-1,4.516682248E0
2.322650375E0,-3.979907990E0,1.966538429E0,-9.132785201E-1,4.532220058E0
2.332618375E0,-3.762416363E0,1.860976219E0,-1.221063614E0,4.371499254E0
2.342587375E0,-3.341852188E0,2.018240929E0,-1.500330925E0,4.182375566E0
2.352555375E0,-2.824167013E0,2.347419024E0,-1.643364429E0,4.023299894E0
2.362524375E0,-2.381293774E0,2.728665829E0,-1.824541211E0,4.055259285E0
2.372492375E0,-2.133705616E0,3.322763443E0,-2.081169605E0,4.463711850E0
2.382461375E0,-2.026012421E0,4.098457813E0,-2.524863005E0,5.222740274E0
2.392429375E0,-1.953337312E0,4.912275791E0,-3.120273829E0,6.138573846E0
2.402398375E0,-1.806391835E0,5.696743011E0,-3.651437998E0,7.003494260E0
2.412366375E0,-1.578020096E0,6.184068680E0,-3.963365316E0,7.512730362E0
2.422334375E0,-1.363559723E0,6.309123039E0,-3.976942062E0,7.581582738E0
2.432303375E0,-1.196306944E0,6.320722103E0,-3.764576197E0,7.453503347E0
2.442271375E0,-1.088163376E0,6.132071972E0,-3.526430845E0,7.156963093E0
2.452240375E0,-1.035241485E0,5.743721485E0,-3.322254658E0,6.715611472E0
2.462204833E0,-1.020305991E0,5.410359383E0,-3.143732786E0,6.340036971E0
2.472173833E0,-9.456142187E-1,5.386225700E0,-3.061921597E0,6.267453822E0
2.482141833E0,-7.530085444E-1,5.570888996E0,-3.100732803E0,6.419997663E0
2.492110833E0,-4.354578555E-1,5.942161560E0,-3.195851803E0,6.761092833E0
2.502078833E0,-1.444109622E-2,6.409753799E0,-3.349139929E0,7.232004603E0
2.512046833E0,4.350799024E-1,6.667405605E0,-3.536954641E0,7.560002656E0
2.522015833E0,8.298823237E-1,6.624286652E0,-3.594207287E0,7.582097621E0
2.531983833E0,1.148737073E0,6.333666801E0,-3.506723404E0,7.330214257E0
2.541952833E0,1.402507305E0,5.918671131E0,-3.257716894E0,6.900030004E0
2.551920833E0,1.620191336E0,5.427393436E0,-2.843859911E0,6.337914379E0
2.561889833E0,1.794421196E0,4.816359043E0,-2.425595760E0,5.683377223E0
2.571857833E0,1.933002591E0,4.125982285E0,-2.047935247E0,4.995424667E0
2.581826833E0,2.103680372E0,3.587294579E0,-1.697654724E0,4.491790853E0
2.591794833E0,2.355107546E0,3.285021305E0,-1.366928935E0,4.266894801E0
2.601763833E0,2.705011845E0,3.179086208E0,-1.042757273E0,4.302443600E0
2.611731833E0,3.140265465E0,3.184755564E0,-6.975203156E-1,4.526640010E0
2.621699833E0,3.610314846E0,3.299099922E0,-3.498068452E-1,4.903141688E0
2.631668833E0,4.058372021E0,3.408335447E0,-7.548340410E-2,5.300267137E0
2.641636833E0,4.452082157E0,3.368931532E0,1.196125820E-1,5.584356934E0
2.651605833E0,4.798286438E0,3.002505302E0,2.249266058E-1,5.664731486E0
2.661573833E0,5.113109589E0,2.390045166E0,2.708298862E-1,5.650624248E0
2.671542833E0,5.400728703E0,1.906630993E0,3.076059222E-1,5.735654598E0
2.681510833E0,5.691944122E0,1.598028779E0,3.957269788E-1,5.925244612E0
2.691479833E0,5.954609871E0,1.421140671E0,5.850219727E-1,6.149737411E0
2.701447833E0,6.160693169E0,1.381460428E0,8.430881500E-1,6.369722982E0
2.711415833E0,6.282153130E0,1.335185051E0,1.134298921E0,6.521870982E0
2.721384833E0,6.293812275E0,1.116696715E0,1.482775927E0,6.561837315E0
2.731352833E0,6.179190636E0,8.652285337E-1,1.877610445E0,6.515860520E0
2.741321833E0,6.026934147E0,8.633800149E-1,2.314434052E0,6.513521723E0
2.751289833E0,5.886434555E0,7.816572785E-1,2.779132366E0,6.556270020E0
2.761258833E0,5.666093349E0,6.075030565E-1,3.182863712E0,6.527196582E0
2.771226833E0,5.379430771E0,5.854080915E-1,3.449759960E0,6.417306431E0
2.781195833E0,5.081728935E0,6.818760633E-1,3.500877857E0,6.208467581E0
2.791163833E0,4.786030769E0,8.140063286E-1,3.330131531E0,5.887144710E0
2.801131833E0,4.482263088E0,9.227234721E-1,2.986542463E0,5.464571061E0
2.811100833E0,4.132038593E0,9.110202789E-1,2.601559162E0,4.967072675E0
2.821068833E0,3.700191498E0,9.904850125E-1,2.358355522E0,4.498257268E0
2.831037833E0,3.164156199E0,1.287949085E0,2.348517179E0,4.145627846E0
2.841005833E0,2.591174126E0,1.267551899E0,2.558542013E0,3.855775979E0
2.850974833E0,2.023798466E0,1.200990081E0,2.788300514E0,3.648665121E0
2.860942833E0,1.497428179E0,1.215934157E0,3.026940584E0,3.589311400E0
2.870911833E0,1.035818458E0,1.111294746E0,3.322627544E0,3.653457224E0
2.880879833E0,6.595124006E-1,1.047592282E0,3.648000002E0,3.852312320E0
2.890847833E0,3.772340119E-1,1.028746486E0,3.971632004E0,4.120010389E0
2.900816833E0,1.390347630E-1,1.004747987E0,4.345185757E0,4.462004980E0
2.910784833E0,-9.543135017E-2,9.981948733E-1,4.760025024E0,4.864497752E0
2.920753833E0,-3.772321343E-1,1.046651244E0,5.194749355E0,5.312551531E0
2.930721833E0,-7.015989423E-1,1.112831473E0,5.599408627E0,5.751870299E0
2.940690833E0,-1.008357286E0,1.206442118E0,5.913890362E0,6.119345244E0
2.950658833E0,-1.260419607E0,1.270421505E0,6.092068672E0,6.349482585E0
2.960627833E0,-1.465683341E0,1.186684728E0,6.113239288E0,6.397510680E0
2.970595833E0,-1.642838478E0,1.033161521E0,5.964454651E0,6.272245234E0
2.980564833E0,-1.795186758E0,8.746652603E-1,5.702613354E0,6.042146463E0
2.990532833E0,-1.906522036E0,7.416039109E-1,5.391455173E0,5.766506006E0
3.000500833E0,-1.956627250E0,6.264203787E-1,5.099630356E0,5.497910735E0
3.010469833E0,-1.960005999E0,6.207194924E-1,4.891301632E0,5.305822072E0
3.020437833E0,-1.917652965E0,6.965364814E-1,4.765535355E0,5.183906170E0
3.030406833E0,-1.846485019E0,7.490708232E-1,4.702126503E0,5.106917629E0
3.040374833E0,-1.830601096E0,7.383824587E-1,4.648474693E0,5.050210491E0
3.050343833E0,-1.909101129E0,6.942531466E-1,4.588639259E0,5.018193380E0
3.060311833E0,-2.108687878E0,6.354238987E-1,4.543247223E0,5.048903190E0
3.070280833E0,-2.422817230E0,4.934639037E-1,4.474813938E0,5.112485671E0
3.080248833E0,-2.817146540E0,2.192765623E-1,4.438572407E0,5.261684317E0
3.090216833E0,-3.223262310E0,-2.174196392E-2,4.425986767E0,5.475331176E0
3.100185833E0,-3.589526415E0,-2.401991934E-1,4.374656200E0,5.663921999E0
3.110153833E0,-3.914039612E0,-4.026367366E-1,4.252122879E0,5.793304014E0
3.120122833E0,-4.181055546E0,-5.330714583E-1,4.059974194E0,5.852245818E0
3.130090833E0,-4.427985191E0,-6.114723682E-1,3.745993614E0,5.832102491E0
3.140059833E0,-4.691198826E0,-5.264325738E-1,3.318658113E0,5.770439269E0
3.150027833E0,-4.929298878E0,-3.870507479E-1,2.896595478E0,5.730450338E0
3.159996833E0,-5.133558273E0,-2.301916331E-1,2.530493736E0,5.727984574E0
3.169964833E0,-5.251842022E0,-6.545206159E-2,2.223203421E0,5.703399166E0
3.179932833E0,-5.241330147E0,-1.964914985E-2,1.931861520E0,5.586055561E0
3.189901833E0,-5.156785488E0,-1.292877346E-1,1.591721177E0,5.398400522E0
3.199869833E0,-5.015547276E0,-9.318353236E-2,1.197459698E0,5.157354687E0
3.209838833E0,-4.852315903E0,9.046249092E-2,7.494082451E-1,4.910678751E0
3.219806833E0,-4.676653862E0,3.489249349E-1,2.392733097E-1,4.695752514E0
3.229775833E0,-4.514245987E0,7.394181490E-1,-2.619031668E-1,4.581893637E0
3.239743833E0,-4.362957478E0,1.150573492E0,-7.045245171E-1,4.566790132E0
3.249712833E0,-4.250547409E0,1.561744571E0,-1.124075174E0,4.665805866E0
3.259680833E0,-4.209845066E0,1.956958771E0,-1.497406721E0,4.877982165E0
3.269648833E0,-4.239199162E0,2.225905895E0,-1.771793723E0,5.105361846E0
3.279617833E0,-4.340837002E0,2.200753450E0,-1.894760847E0,5.222671758E0
3.289585833E0,-4.520001411E0,1.977772474E0,-1.892611742E0,5.284314140E0
3.299554833E0,-4.703393459E0,1.839206100E0,-1.830313206E0,5.371651100E0
3.309522833E0,-4.793104172E0,1.821628690E0,-1.837867260E0,5.447011543E0
3.319491833E0,-4.745333195E0,1.886597872E0,-2.016408920E0,5.490295401E0
3.329459833E0,-4.560826778E0,2.222553253E0,-2.275637150E0,5.560522305E0
3.339428833E0,-4.256798267E0,2.767894983E0,-2.532531977E0,5.674089561E0
3.349396833E0,-3.883617878E0,3.188050508E0,-2.760583878E0,5.732972808E0
3.359364833E0,-3.475630283E0,3.389732361E0,-2.971930981E0,5.692333889E0
3.369333833E0,-3.050453186E0,3.708632708E0,-3.147798538E0,5.741764262E0
3.379301833E0,-2.595335722E0,4.076006889E0,-3.317237616E0,5.861199968E0
3.389270833E0,-2.098433971E0,4.488722324E0,-3.477541924E0,6.053540375E0
3.399238833E0,-1.586392522E0,4.850510597E0,-3.550322533E0,6.216822691E0
3.409207833E0,-1.080358982E0,5.155294895E0,-3.515071869E0,6.332453808E0
3.419175833E0,-6.169543862E-1,5.265657425E0,-3.393378973E0,6.294664541E0
3.429144833E0,-2.589390874E-1,5.086583138E0,-3.193794727E0,6.011713751E0
3.439112833E0,-5.587279052E-2,4.785577297E0,-2.994043589E0,5.645278456E0
3.449081833E0,1.047415286E-2,4.577600479E0,-2.903157473E0,5.420595831E0
3.459049833E0,-1.508979592E-2,4.413054466E0,-2.898075104E0,5.279594372E0
3.469018208E0,-4.975036904E-2,4.393783569E0,-2.916211128E0,5.273717522E0
3.478987208E0,1.977437921E-2,4.496202946E0,-2.943478584E0,5.374039275E0
3.488955208E0,2.555863857E-1,4.719113350E0,-3.000104427E0,5.597855106E0
3.498924208E0,6.249386072E-1,4.968863964E0,-3.120743036E0,5.900779140E0
3.508892208E0,1.027819276E0,5.046460629E0,-3.323084354E0,6.129116328E0
3.518861208E0,1.329520583E0,5.042407036E0,-3.567795753E0,6.318438117E0
3.528829208E0,1.446718574E0,4.971817017E0,-3.786253929E0,6.414645578E0
3.538798208E0,1.414851665E0,4.899364471E0,-3.833818913E0,6.379948661E0
3.548766208E0,1.302624941E0,4.885316849E0,-3.708685637E0,6.270366943E0
3.558734208E0,1.207147717E0,4.736135006E0,-3.502375841E0,6.012887571E0
3.568703208E0,1.235908270E0,4.440273762E0,-3.189280272E0,5.604909364E0
3.578671208E0,1.439699173E0,4.122538090E0,-2.758824348E0,5.165187876E0
3.588640208E0,1.790665507E0,3.722121239E0,-2.208852768E0,4.683983350E0
3.598608208E0,2.229243755E0,3.382667780E0,-1.651517630E0,4.374869085E0
3.608577208E0,2.650455713E0,3.123568296E0,-1.270559669E0,4.289046078E0
3.618545208E0,2.998391390E0,2.847035170E0,-1.081631780E0,4.273860958E0
3.628514208E0,3.293594599E0,2.613758087E0,-9.658709168E-1,4.314209470E0
3.638482208E0,3.540748119E0,2.573441029E0,-8.149921894E-1,4.452382311E0
3.648450208E0,3.747596979E0,2.630626678E0,-5.617324114E-1,4.613049224E0
3.658419208E0,3.924797058E0,2.680075884E0,-2.567085624E-1,4.759489256E0
3.668387208E0,4.052099228E0,2.650853634E0,1.466036960E-2,4.842184225E0
3.678356208E0,4.120098591E0,2.380030870E0,2.512649298E-1,4.764755336E0
3.688324208E0,4.153246403E0,1.885699391E0,4.512453079E-1,4.583551047E0
3.698293208E0,4.174433231E0,1.356991291E0,6.085550189E-1,4.431439651E0
3.708261208E0,4.211499214E0,9.025301933E-1,7.751231790E-1,4.376311498E0
3.718230208E0,4.293874264E0,6.220018864E-1,1.008609176E0,4.454383797E0
3.728198208E0,4.427598953E0,5.689309835E-1,1.288566113E0,4.646258450E0
3.738167208E0,4.609296799E0,6.984636784E-1,1.552823424E0,4.913728633E0
3.748135208E0,4.818659782E0,8.620325327E-1,1.792856932E0,5.213148584E0
3.758103208E0,5.025866508E0,7.951938510E-1,2.053620100E0,5.487168936E0
3.768072208E0,5.210212708E0,8.406413794E-1,2.399149656E0,5.797319506E0
3.778040208E0,5.362922192E0,9.282625914E-1,2.768497705E0,6.106323396E0
3.788009208E0,5.441572666E0,1.086197019E0,3.096005440E0,6.354194420E0
3.797977208E0,5.430218220E0,1.237148643E0,3.307486057E0,6.477443222E0
3.807946208E0,5.313262939E0,1.394571066E0,3.344399452E0,6.431220663E0
3.817914208E0,5.095971107E0,1.580992937E0,3.198006868E0,6.220587442E0
3.827883208E0,4.817744732E0,1.914685845E0,2.943935871E0,5.961832319E0
3.837851208E0,4.486670017E0,2.278784275E0,2.649734259E0,5.687192388E0
3.847820208E0,4.067994118E0,2.522681713E0,2.417586327E0,5.362576136E0
3.857788208E0,3.606209278E0,2.152003527E0,2.225179434E0,4.752608552E0
3.867756208E0,3.109143734E0,1.835407019E0,2.202493906E0,4.229240250E0
3.877725208E0,2.557527542E0,1.686731815E0,2.521292210E0,3.967735595E0
3.887693208E0,1.945142984E0,1.505151629E0,3.118012190E0,3.971279727E0
3.897662208E0,1.296114087E0,1.348026752E0,3.786514044E0,4.223124016E0
3.907630208E0,6.699894667E-1,1.236099839E0,4.355105400E0,4.576436577E0
3.917599208E0,1.172956750E-1,1.254564404E0,4.780628681E0,4.943895297E0
3.927567208E0,-3.206483722E-1,1.307872057E0,5.079703331E0,5.255162284E0
3.937536208E0,-6.661405563E-1,1.382268548E0,5.321270466E0,5.538079897E0
3.947504208E0,-9.601820707E-1,1.485992789E0,5.552338123E0,5.827399318E0
3.957472208E0,-1.241510987E0,1.605070472E0,5.720218658E0,6.069472980E0
3.967441208E0,-1.501783371E0,1.612633109E0,5.752492905E0,6.160122844E0
3.977409208E0,-1.701625109E0,1.477387905E0,5.621752739E0,6.056592020E0
3.987378208E0,-1.837817311E0,1.297590971E0,5.347248554E0,5.801239686E0
3.997346208E0,-1.910542965E0,1.095294356E0,4.956901073E0,5.424086319E0
4.007315208E0,-1.925206661E0,9.109464288E-1,4.610803604E0,5.078952053E0
4.017283208E0,-1.911708713E0,8.418560624E-1,4.414910793E0,4.884136479E0
4.027252208E0,-1.870119452E0,8.485755920E-1,4.303536415E0,4.768422483E0
4.037220208E0,-1.814027429E0,8.852435350E-1,4.180803776E0,4.642571684E0
4.047189208E0,-1.769258618E0,9.040190578E-1,4.041571140E0,4.503534589E0
4.057157208E0,-1.804388404E0,8.100797534E-1,3.911458254E0,4.383098492E0
4.067125208E0,-1.948347688E0,7.035974860E-1,3.809236050E0,4.336056667E0
4.077094208E0,-2.175977230E0,4.955614805E-1,3.734191895E0,4.350246797E0
4.087062208E0,-2.425290346E0,2.237055749E-1,3.633255482E0,4.374085372E0
4.097031208E0,-2.660111666E0,2.770783007E-2,3.467285633E0,4.370243867E0
4.106999208E0,-2.863660097E0,-1.464866847E-1,3.222845078E0,4.313784637E0
4.116968208E0,-3.040882349E0,-2.838485241E-1,2.908346653E0,4.217346998E0
4.126936208E0,-3.208447456E0,-3.202168643E-1,2.543259859E0,4.106682923E0
4.136905208E0,-3.406564236E0,-3.468223810E-1,2.189557791E0,4.064373134E0
4.146873208E0,-3.605897188E0,-3.016649187E-1,1.899140835E0,4.086591754E0
4.156841208E0,-3.784279585E0,-2.640812993E-1,1.755756736E0,4.180094810E0
4.166810208E0,-3.934102774E0,-2.729864419E-1,1.786389709E0,4.329304150E0
4.176778208E0,-4.054538250E0,-2.972491682E-1,1.934620023E0,4.502265221E0
4.186747208E0,-4.134142876E0,-3.891955018E-1,2.073808670E0,4.641475289E0
4.196715208E0,-4.198350430E0,-4.569289982E-1,2.147146463E0,4.737633204E0
4.206684208E0,-4.256641865E0,-4.190676510E-1,2.057163715E0,4.746213250E0
4.216652208E0,-4.315856934E0,-2.814179361E-1,1.759233356E0,4.669124021E0
4.226621208E0,-4.366624832E0,-1.960637569E-1,1.359789610E0,4.577650184E0
4.236589208E0,-4.385200024E0,-9.520903975E-2,1.005905747E0,4.500098930E0
4.246558208E0,-4.332509518E0,4.061924294E-2,7.540350556E-1,4.397824179E0
4.256526208E0,-4.221604347E0,1.734806150E-1,5.754996538E-1,4.264180887E0
4.266494208E0,-4.092746735E0,3.615818024E-1,4.022206366E-1,4.128328799E0
4.276463208E0,-4.014259815E0,6.070588827E-1,2.003594339E-1,4.064842710E0
4.286431208E0,-4.066011429E0,7.807510495E-1,-3.953025490E-2,4.140481105E0
4.296400208E0,-4.310943604E0,8.196121454E-1,-2.637074292E-1,4.396082396E0
4.306368208E0,-4.740204811E0,8.353465796E-1,-3.995362818E-1,4.829800700E0
4.316337208E0,-5.212745190E0,8.689383864E-1,-4.622835517E-1,5.304853666E0
4.326305208E0,-5.586266518E0,7.327064872E-1,-5.697261691E-1,5.662845602E0
4.336274208E0,-5.797255516E0,5.479680896E-1,-7.376182079E-1,5.869627004E0
4.346242208E0,-5.807462692E0,5.501498580E-1,-9.287192225E-1,5.906928744E0
4.356210208E0,-5.605190754E0,7.227591872E-1,-1.172539353E0,5.771948784E0
4.366179208E0,-5.234905243E0,1.063947439E0,-1.455393195E0,5.536640354E0
4.376147208E0,-4.745612621E0,1.645547748E0,-1.756356239E0,5.321038788E0
4.386116208E0,-4.199827671E0,2.264290571E0,-1.994596243E0,5.171458056E0
4.396084208E0,-3.678033590E0,2.656387329E0,-2.136226416E0,5.014757026E0
4.406053208E0,-3.315920591E0,2.824177504E0,-2.242163181E0,4.898836971E0
4.416021208E0,-3.149591208E0,2.750137329E0,-2.321906328E0,4.782721934E0
4.425990208E0,-3.085398436E0,2.897968292E0,-2.346637011E0,4.839897622E0
4.435958208E0,-2.961925507E0,3.203433037E0,-2.460690498E0,5.008990283E0
4.445927208E0,-2.699849844E0,3.508647680E0,-2.728923559E0,5.200655874E0
4.455895208E0,-2.291858196E0,3.697392941E0,-2.975884438E0,5.270599277E0
4.465862833E0,-1.822718501E0,3.739598513E0,-3.108178854E0,5.193041070E0
4.475831833E0,-1.383632541E0,3.732093334E0,-3.091089725E0,5.039622541E0
4.485799833E0,-1.038553357E0,3.754029036E0,-3.005059004E0,4.919523015E0
4.495768833E0,-7.985803485E-1,3.867413044E0,-2.885411978E0,4.890829838E0
4.505736833E0,-6.358547211E-1,4.101453781E0,-2.799696922E0,5.006449560E0
4.515705833E0,-4.956483245E-1,4.337220669E0,-2.779934406E0,5.175440628E0
4.525673833E0,-3.420196474E-1,4.465116024E0,-2.822433233E0,5.293426858E0
4.535642833E0,-1.518582106E-1,4.603077412E0,-2.901649952E0,5.443432283E0
4.545610833E0,1.115529984E-1,4.707851410E0,-2.939798594E0,5.551461496E0
4.555579833E0,4.383737445E-1,4.656168938E0,-2.903370380E0,5.504692569E0
4.565547833E0,8.085203767E-1,4.577055454E0,-2.826779842E0,5.440020782E0
4.575515833E0,1.189255953E0,4.650414467E0,-2.709507704E0,5.511997499E0
4.585484833E0,1.586266398E0,4.732580185E0,-2.564723730E0,5.611716681E0
4.595452833E0,2.010991812E0,4.754260063E0,-2.424936771E0,5.703279334E0
4.605421833E0,2.459883690E0,4.820589066E0,-2.308457136E0,5.883713203E0
4.615389833E0,2.845497131E0,4.796475410E0,-2.268216610E0,6.020617649E0
4.625358833E0,3.127629995E0,4.675177574E0,-2.335449696E0,6.090458112E0
4.635326833E0,3.279793501E0,4.408222198E0,-2.512656450E0,6.041763881E0
4.645295833E0,3.299954176E0,4.017982483E0,-2.685368538E0,5.851930022E0
4.655263833E0,3.207780838E0,3.610364437E0,-2.751254797E0,5.558236432E0
4.665231833E0,3.057266235E0,3.218988895E0,-2.715493679E0,5.204101485E0
4.675200833E0,2.866606712E0,2.865694523E0,-2.522166014E0,4.773987908E0
4.685168833E0,2.711361885E0,2.557990313E0,-2.188930988E0,4.322755670E0
4.695137833E0,2.642141819E0,2.519885778E0,-1.732560039E0,4.041349034E0
4.705105833E0,2.675520897E0,2.741944790E0,-1.193571091E0,4.012640683E0
4.715074833E0,2.809520721E0,3.053655863E0,-6.789169908E-1,4.204658023E0
4.725042833E0,3.005240202E0,2.982719183E0,-3.094023466E-1,4.245446055E0
4.735011833E0,3.237578869E0,2.752589703E0,-9.757664055E-2,4.250669148E0
4.744979833E0,3.461424589E0,2.394205093E0,-6.758661009E-3,4.208767503E0
4.754948833E0,3.632290840E0,1.958074331E0,-1.137871295E-2,4.126465959E0
4.764916833E0,3.733709097E0,1.540035009E0,-2.160542458E-2,4.038905575E0
4.774884833E0,3.785255194E0,1.281198144E0,-1.145931520E-2,3.996217822E0
4.784853833E0,3.805526018E0,1.225705504E0,6.197115406E-2,3.998527564E0
4.794821833E0,3.786411047E0,1.306367040E0,2.061182112E-1,4.010734119E0
4.804790833E0,3.743458271E0,1.426093698E0,4.037623703E-1,4.026195116E0
4.814758833E0,3.701823950E0,1.487610817E0,7.041113377E-1,4.051204669E0
4.824727833E0,3.730570316E0,1.337276220E0,1.105219364E0,4.114240199E0
4.834695833E0,3.791632652E0,1.016532540E0,1.535560131E0,4.215182261E0
4.844664833E0,3.846569777E0,7.817234397E-1,1.974232554E0,4.393721061E0
4.854632833E0,3.886190176E0,6.325792074E-1,2.361083984E0,4.591007310E0
4.864601833E0,3.917196751E0,5.672533512E-1,2.623448610E0,4.748546026E0
4.874569833E0,3.919659853E0,5.273535848E-1,2.670160055E0,4.771958705E0
4.884537833E0,3.894331217E0,5.832465887E-1,2.524265051E0,4.677382415E0
4.894506833E0,3.848596573E0,7.387009263E-1,2.306447744E0,4.547205278E0
4.904474833E0,3.796735525E0,9.284520745E-1,2.121066570E0,4.447038036E0
4.914443833E0,3.739411592E0,1.085049152E0,2.002431393E0,4.378385799E0
4.924411833E0,3.657079458E0,1.130934000E0,2.078124046E0,4.355667736E0
4.934380833E0,3.514844418E0,1.195017695E0,2.415680647E0,4.429188589E0
4.944348833E0,3.304833174E0,1.325299978E0,2.914552212E0,4.601408147E0
4.954317833E0,3.012066841E0,1.446319938E0,3.443696737E0,4.798274194E0
4.964285833E0,2.590230942E0,1.824392200E0,3.886079311E0,5.013912209E0
4.974254833E0,2.115798235E0,1.536370516E0,4.246025562E0,4.986558895E0
4.984222833E0,1.695038319E0,1.255859613E0,4.377747536E0,4.859527936E0
4.994190833E0,1.330585241E0,1.259924889E0,4.365389824E0,4.734395011E0
5.004159833E0,1.011228681E0,1.326411247E0,4.299991608E0,4.612144628E0
5.014127833E0,7.378004789E-1,1.274877548E0,4.212092400E0,4.462217464E0
5.024096833E0,5.303890109E-1,1.217036247E0,4.124562740E0,4.332955980E0
5.034064833E0,4.092229009E-1,1.163475513E0,4.033019066E0,4.217390359E0
5.044033833E0,3.298330009E-1,1.111761332E0,3.952793121E0,4.119390310E0
5.054001833E0,2.293082774E-1,1.103859425E0,3.944733381E0,4.102683191E0
5.063970833E0,4.988785088E-2,1.147586942E0,4.051281929E0,4.210977304E0
5.073938833E0,-2.188573331E-1,1.251836896E0,4.277563095E0,4.462346936E0
5.083906833E0,-5.532771945E-1,1.342908502E0,4.577034950E0,4.801954585E0
5.093875833E0,-9.266656637E-1,1.308624029E0,4.846041679E0,5.104441797E0
5.103843833E0,-1.318997145E0,1.192003965E0,5.044006348E0,5.348142384E0
5.113812833E0,-1.727564454E0,1.044405699E0,5.178235054E0,5.557821559E0
5.123780833E0,-2.114413023E0,8.558234572E-1,5.243608952E0,5.718269936E0
5.133749833E0,-2.455582619E0,6.216077805E-1,5.206288815E0,5.789794940E0
5.143717833E0,-2.738118887E0,4.790396094E-1,5.061903954E0,5.774915205E0
5.153686833E0,-2.948919058E0,3.555858433E-1,4.812442780E0,5.655278102E0
5.163654833E0,-3.085832357E0,2.120565474E-1,4.484854221E0,5.448049807E0
5.173623833E0,-3.151822329E0,7.663878798E-2,4.148313999E0,5.210409440E0
5.183591833E0,-3.159777880E0,-9.487774223E-3,3.831196785E0,4.966120727E0
5.193559833E0,-3.128746748E0,2.962237690E-3,3.549805164E0,4.731826465E0
5.203528833E0,-3.081138611E0,6.436873227E-2,3.327972651E0,4.535742545E0
5.213496833E0,-3.030197859E0,9.840100259E-2,3.146810532E0,4.369690875E0
5.223465833E0,-3.008591413E0,7.893969864E-2,3.027639389E0,4.269010897E0
5.233433833E0,-3.015028715E0,7.760331035E-3,2.977067232E0,4.237143812E0
5.243402833E0,-3.070267916E0,-1.010504141E-1,2.984698534E0,4.283127549E0
5.253370833E0,-3.181478262E0,-3.190815747E-1,2.980432987E0,4.371109444E0
5.263339833E0,-3.350435019E0,-4.567362070E-1,2.941443205E0,4.481753106E0
5.273307833E0,-3.545042992E0,-4.723761678E-1,2.850527525E0,4.573398761E0
5.283276833E0,-3.746463537E0,-4.904734790E-1,2.661098480E0,4.621471453E0
5.293244833E0,-3.983891487E0,-5.544881225E-1,2.340749025E0,4.653810746E0
5.303212833E0,-4.236729622E0,-4.270776212E-1,1.944750071E0,4.681273974E0
5.313181833E0,-4.470421791E0,-8.039636165E-2,1.521357894E0,4.722887296E0
5.323149833E0,-4.663341522E0,2.108351886E-1,1.102090836E0,4.796437203E0
5.333118833E0,-4.801610947E0,3.659566045E-1,7.953681946E-1,4.880778881E0
5.343086833E0,-4.889608383E0,2.885885537E-1,6.744247675E-1,4.944330315E0
5.353055833E0,-4.938909054E0,1.371710449E-1,6.630434990E-1,4.985104334E0
5.363023833E0,-4.967121124E0,1.172745414E-2,6.332427859E-1,5.007337239E0
5.372992833E0,-4.994661331E0,-3.832080215E-2,4.974932373E-1,5.019522868E0
5.382960833E0,-5.043373108E0,1.324663907E-1,2.315906435E-1,5.050425118E0
5.392929833E0,-5.162909031E0,5.266139507E-1,-1.403464377E-1,5.191594075E0
5.402897833E0,-5.362577438E0,9.695817232E-1,-5.081295967E-1,5.473163727E0
5.412865833E0,-5.595243454E0,1.289524078E0,-8.705202341E-1,5.807531932E0
5.422834833E0,-5.769749165E0,1.441920280E0,-1.192496896E0,6.065574034E0
5.432802833E0,-5.772251129E0,1.577562571E0,-1.452563405E0,6.157720943E0
5.442771833E0,-5.569896221E0,1.656890631E0,-1.682354808E0,6.049739513E0
5.452739833E0,-5.220128059E0,1.811610699E0,-1.880214453E0,5.836683705E0
5.462709208E0,-4.783408165E0,1.960004687E0,-1.993341804E0,5.540399227E0
5.472677208E0,-4.359120369E0,2.056374550E0,-2.014815807E0,5.223991713E0
5.482646208E0,-4.073766708E0,1.857873797E0,-1.952494860E0,4.884619373E0
5.492614208E0,-3.971419334E0,1.858660579E0,-1.863749266E0,4.764488640E0
5.502583208E0,-3.980630159E0,1.973666668E0,-1.882569432E0,4.825437208E0
5.512551208E0,-3.973433018E0,2.185366631E0,-2.025758028E0,4.966658116E0
5.522519208E0,-3.852940559E0,2.573385477E0,-2.230654716E0,5.142303398E0
5.532488208E0,-3.570031643E0,3.137686253E0,-2.439682961E0,5.342495101E0
5.542456208E0,-3.114205122E0,3.688448429E0,-2.601538897E0,5.483696745E0
5.552425208E0,-2.520373344E0,4.279585838E0,-2.658578634E0,5.633398361E0
5.562393208E0,-1.897272587E0,4.811462879E0,-2.627702475E0,5.801261811E0
5.572362208E0,-1.344397664E0,5.072792053E0,-2.561034203E0,5.839479470E0
5.582330208E0,-9.527284503E-1,5.094747066E0,-2.517211676E0,5.761986966E0
5.592299208E0,-7.560691833E-1,5.003460407E0,-2.502319336E0,5.645162417E0
5.602267208E0,-7.386943102E-1,4.739169121E0,-2.516521931E0,5.416481872E0
5.612236208E0,-8.261735439E-1,4.427779675E0,-2.510082960E0,5.156385559E0
5.622204208E0,-9.186453819E-1,4.272424698E0,-2.448690891E0,5.009352175E0
5.632172208E0,-8.943365812E-1,4.339750290E0,-2.382045746E0,5.030647318E0
5.642141208E0,-6.945299506E-1,4.607098579E0,-2.353712320E0,5.219932074E0
5.652109208E0,-3.286215067E-1,5.084395409E0,-2.412921667E0,5.637487006E0
5.662078208E0,1.524523646E-1,5.715258121E0,-2.507805347E0,6.243116592E0
5.672046208E0,6.713107228E-1,6.186309814E0,-2.573067904E0,6.733629455E0
5.682015208E0,1.168141365E0,6.323556900E0,-2.603870630E0,6.937727897E0
5.691983208E0,1.595824480E0,6.240049839E0,-2.580090046E0,6.938425067E0
5.701952208E0,1.942188382E0,5.845787525E0,-2.531213999E0,6.659757639E0
5.711920208E0,2.184769392E0,5.163431168E0,-2.420594931E0,6.106841945E0
5.721889208E0,2.360514164E0,4.479987144E0,-2.151845932E0,5.502068052E0
5.731857208E0,2.510872126E0,3.919027567E0,-1.778166533E0,4.982482526E0
5.741825208E0,2.664201736E0,3.424427032E0,-1.435897946E0,4.570172240E0
5.751794208E0,2.826162338E0,3.034442425E0,-1.164249659E0,4.307030492E0
5.761762208E0,2.994610786E0,2.824112415E0,-8.413448334E-1,4.201329055E0
5.771731208E0,3.160340309E0,2.910125256E0,-3.719624579E-1,4.312184591E0
5.781699208E0,3.315808535E0,3.008711100E0,1.441823840E-1,4.479700579E0
5.791668208E0,3.494412661E0,2.776156187E0,5.104096532E-1,4.492046419E0
5.801636208E0,3.709342718E0,2.479876041E0,7.250187993E-1,4.520471307E0
5.811605208E0,3.938063383E0,2.329964638E0,9.056623578E-1,4.664472396E0
5.821573208E0,4.157040119E0,2.213103056E0,1.100417733E0,4.836292679E0
5.831542208E0,4.326658249E0,1.905187964E0,1.215497255E0,4.881305805E0
5.841510208E0,4.430089474E0,1.660189152E0,1.201922774E0,4.881243604E0
5.851478208E0,4.508872986E0,1.598432064E0,1.158452034E0,4.922086121E0
5.861447208E0,4.573303223E0,1.632998705E0,1.139405370E0,4.987988746E0
5.871415208E0,4.640449524E0,1.630806923E0,1.177824378E0,5.057724120E0
5.881384208E0,4.749052525E0,1.615005851E0,1.300119638E0,5.181896839E0
5.891352208E0,4.930634499E0,1.611961007E0,1.502538204E0,5.400666246E0
5.901321208E0,5.178673267E0,1.628551841E0,1.805877328E0,5.721191382E0
5.911289208E0,5.440908432E0,1.636227369E0,2.209441423E0,6.096093501E0
5.921258208E0,5.683290005E0,1.605931759E0,2.671707869E0,6.482038647E0
5.931226208E0,5.876020432E0,1.606340289E0,3.100374222E0,6.835222421E0
5.941195208E0,5.967480183E0,1.545657277E0,3.456808567E0,7.067489060E0
5.951163208E0,5.943181992E0,1.429584265E0,3.648946047E0,7.118983818E0
5.961132208E0,5.779192924E0,1.429511309E0,3.604679108E0,6.959618158E0
5.971100208E0,5.464620113E0,1.598713398E0,3.341030359E0,6.601548407E0
5.981068208E0,5.055544376E0,1.769245267E0,2.898075819E0,6.089959048E0
5.991037208E0,4.519002438E0,1.914944768E0,2.485162020E0,5.501311367E0
6.001005208E0,3.944911003E0,1.775063634E0,2.164610386E0,4.837221501E0
6.010974208E0,3.419238091E0,1.622310400E0,1.873441815E0,4.222897629E0
6.020942208E0,2.950307846E0,1.462672234E0,1.665791392E0,3.690337032E0
6.030911208E0,2.547119617E0,1.205638051E0,1.584983706E0,3.233195757E0
6.040879208E0,2.186137676E0,8.165614605E-1,1.704334617E0,2.889762455E0
6.050848208E0,1.820781946E0,4.472963214E-1,2.003634691E0,2.744061382E0
6.060816208E0,1.399550438E0,3.268113136E-1,2.385500193E0,2.784988013E0
6.070785208E0,9.479869604E-1,4.133970737E-1,2.762245893E0,2.949504839E0
6.080753208E0,5.074045062E-1,4.711095989E-1,3.142423153E0,3.217798449E0
6.090721208E0,8.827566355E-2,4.577442706E-1,3.525128603E0,3.555819748E0
6.100690208E0,-2.912271917E-1,4.400576651E-1,3.878165245E0,3.913902106E0
6.110658208E0,-6.108802557E-1,4.443323314E-1,4.195121288E0,4.262587070E0
6.120627208E0,-8.578131199E-1,4.851122797E-1,4.503242970E0,4.609812850E0
6.130595208E0,-1.026805282E0,5.516167283E-1,4.730153561E0,4.871648880E0
6.140564208E0,-1.153642297E0,6.387910247E-1,4.864593983E0,5.040160626E0
6.150532208E0,-1.256733894E0,7.102721334E-1,4.963712692E0,5.169362657E0
6.160501208E0,-1.374055266E0,7.743721008E-1,5.080522060E0,5.319716574E0
6.170469208E0,-1.539028525E0,8.713771701E-1,5.279909611E0,5.568245008E0
6.180438208E0,-1.737849712E0,9.901709557E-1,5.477684021E0,5.831430560E0
6.190406208E0,-1.932975292E0,9.960762858E-1,5.609811306E0,6.016522612E0
6.200375208E0,-2.089196920E0,8.691552281E-1,5.652671337E0,6.088749283E0
6.210343208E0,-2.195315123E0,6.113116741E-1,5.614212036E0,6.059083036E0
6.220311208E0,-2.245632172E0,2.893032134E-1,5.508416176E0,5.955603157E0
6.230280208E0,-2.238375902E0,5.921676010E-2,5.305932999E0,5.759058802E0
6.240248208E0,-2.236579657E0,-5.684001371E-5,5.065096855E0,5.536921050E0
6.250217208E0,-2.243726969E0,1.026881784E-1,4.797454834E0,5.297209497E0
6.260185208E0,-2.246263504E0,1.748030931E-1,4.516089439E0,5.046911895E0
6.270154208E0,-2.252594948E0,1.960940063E-1,4.249580383E0,4.813685728E0
6.280122208E0,-2.298122406E0,1.448905766E-1,4.020980358E0,4.633642510E0
6.290091208E0,-2.392529964E0,8.430740237E-2,3.804707289E0,4.495231354E0
6.300059208E0,-2.574068069E0,-1.096150465E-2,3.563259840E0,4.395766972E0
6.310027208E0,-2.832761049E0,-7.201607525E-2,3.368098021E0,4.401568556E0
6.319996208E0,-3.158605814E0,-6.651575118E-2,3.203911304E0,4.499584723E0
6.329964208E0,-3.534662962E0,-6.395246089E-2,3.046582222E0,4.666861409E0
6.339933208E0,-3.922413349E0,-3.920276836E-2,2.873534203E0,4.862516031E0
6.349901208E0,-4.279617786E0,-1.782104746E-2,2.642895937E0,5.029944823E0
6.359870208E0,-4.590430737E0,8.454936743E-2,2.398471355E0,5.179948628E0
6.369838208E0,-4.831500053E0,3.220522106E-1,2.161634684E0,5.302808209E0
6.379807208E0,-4.986884594E0,4.950494766E-1,1.928493023E0,5.369653367E0
6.389775208E0,-5.078686237E0,5.579163432E-1,1.721789598E0,5.391556729E0
6.399744208E0,-5.109915733E0,5.933500528E-1,1.528350949E0,5.366484856E0
6.409712208E0,-5.101140022E0,6.018801928E-1,1.333324790E0,5.306754591E0
6.419681208E0,-5.038144588E0,6.503105164E-1,1.162137628E0,5.211177269E0
6.429649208E0,-4.891231537E0,7.294572592E-1,1.054346681E0,5.056471177E0
6.439617208E0,-4.670732021E0,9.107412100E-1,9.318419099E-1,4.849073779E0
6.449586208E0,-4.402545452E0,1.168298721E0,7.147455812E-1,4.610660431E0
6.459554208E0,-4.111639023E0,1.395071387E0,4.239947200E-1,4.362518900E0
6.469523500E0,-3.836949110E0,1.566593170E0,1.575769037E-1,4.147435728E0
6.479491500E0,-3.623070955E0,1.734959483E0,-4.110635817E-2,4.017264901E0
6.489460500E0,-3.531477928E0,1.931038737E0,-1.815361828E-1,4.029044843E0
6.499428500E0,-3.552206278E0,2.076771021E0,-3.307442963E-1,4.128018787E0
6.509397500E0,-3.652551651E0,2.227042675E0,-4.990102947E-1,4.306955295E0
6.519365500E0,-3.763071299E0,2.416581631E0,-6.627090573E-1,4.521034801E0
6.529334500E0,-3.823231936E0,2.599707842E0,-7.972881794E-1,4.691615046E0
6.539302500E0,-3.788668394E0,2.777479172E0,-9.142730832E-1,4.785843084E0
6.549270500E0,-3.615979195E0,2.879462957E0,-1.062280416E0,4.742894912E0
6.559239500E0,-3.332339048E0,3.098477840E0,-1.337511182E0,4.742782371E0
6.569207500E0,-2.992363453E0,3.421527624E0,-1.759862900E0,4.874239196E0
6.579176500E0,-2.658574343E0,3.822161913E0,-2.281617403E0,5.184854598E0
6.589144500E0,-2.385971546E0,4.233795643E0,-2.841010571E0,5.629318505E0
6.599113500E0,-2.183909893E0,4.566601753E0,-3.362636089E0,6.077058126E0
6.609081500E0,-2.036867380E0,4.810007095E0,-3.801054955E0,6.460109577E0
6.619050500E0,-1.886634946E0,5.027025223E0,-4.100826263E0,6.756267465E0
6.629018500E0,-1.666475654E0,5.246362209E0,-4.277289391E0,6.971130616E0
6.638987500E0,-1.341009140E0,5.360456467E0,-4.348382950E0,7.031446034E0
6.648955500E0,-9.349681139E-1,5.408102512E0,-4.329096317E0,6.990194066E0
6.658923500E0,-5.248965621E-1,5.375344276E0,-4.213541985E0,6.850093324E0
6.668892500E0,-2.056480050E-1,5.140225410E0,-4.012758732E0,6.524296208E0
6.678860500E0,-2.609484270E-2,4.762853146E0,-3.791346788E0,6.087672913E0
6.688829500E0,1.058860309E-2,4.329276085E0,-3.540392876E0,5.592595574E0
6.698797500E0,-1.287405100E-2,3.943168402E0,-3.208590984E0,5.083679660E0
6.708766500E0,3.900668118E-3,3.782370329E0,-2.843047857E0,4.731729244E0
6.718734500E0,1.390492618E-1,3.694094658E0,-2.615154743E0,4.528212050E0
6.728703500E0,4.161431789E-1,3.590667963E0,-2.561785698E0,4.430442137E0
6.738671500E0,7.987138629E-1,3.521950722E0,-2.587781191E0,4.442824801E0
6.748639500E0,1.230759621E0,3.581507444E0,-2.562980652E0,4.572836608E0
6.758608500E0,1.665783525E0,3.733772039E0,-2.472279549E0,4.777871342E0
6.768576500E0,2.081487417E0,3.868560076E0,-2.404921532E0,5.008192738E0
6.778545500E0,2.449538946E0,3.979112864E0,-2.433733463E0,5.268456966E0
6.788513500E0,2.745672941E0,4.024929047E0,-2.526927233E0,5.488545797E0
6.798482500E0,2.971473694E0,3.987195015E0,-2.625263929E0,5.623112190E0
6.808450500E0,3.121229410E0,3.881824255E0,-2.651912928E0,5.642984561E0
6.818419500E0,3.198408365E0,3.718053579E0,-2.557808876E0,5.531376387E0
6.828387500E0,3.227278233E0,3.440969467E0,-2.382408857E0,5.285022954E0
6.838356500E0,3.216281891E0,3.089319468E0,-2.155124426E0,4.953072306E0
6.848324500E0,3.195618153E0,2.715700150E0,-1.917142272E0,4.611121032E0
6.858293500E0,3.196184635E0,2.380492926E0,-1.690322280E0,4.328918133E0
6.868261500E0,3.213413000E0,2.165040255E0,-1.501226902E0,4.155370576E0
6.878229500E0,3.234312773E0,2.072569132E0,-1.381471753E0,4.082252580E0
6.888198500E0,3.278302670E0,2.048338890E0,-1.312934995E0,4.082494201E0
6.898166500E0,3.348109007E0,2.045210838E0,-1.245783567E0,4.116393809E0
6.908135500E0,3.441216707E0,2.032570601E0,-1.161095262E0,4.161905559E0
6.918103500E0,3.542218208E0,1.985931993E0,-1.040106177E0,4.192022969E0
6.928072500E0,3.628161669E0,1.925850868E0,-9.397902489E-1,4.213747070E0
6.938040500E0,3.677242517E0,1.801812053E0,-8.556111455E-1,4.183384950E0
6.948009500E0,3.716077089E0,1.639127612E0,-7.568858862E-1,4.131445813E0
6.957977500E0,3.788284540E0,1.538849115E0,-5.726015568E-1,4.128804779E0
6.967946500E0,3.888327599E0,1.539518476E0,-2.901991606E-1,4.192066818E0
6.977914500E0,4.041652679E0,1.541066766E0,5.591383576E-2,4.325848994E0
6.987882500E0,4.271772861E0,1.567282438E0,4.112969637E-1,4.568761628E0
6.997851500E0,4.566492558E0,1.720313668E0,7.808314562E-1,4.941865150E0
7.007819500E0,4.879518509E0,1.705066085E0,1.186163545E0,5.303200466E0
7.017788500E0,5.176757812E0,1.444046021E0,1.602436185E0,5.608198649E0
7.027756500E0,5.394931316E0,1.229478002E0,2.012894154E0,5.888008402E0
7.037725500E0,5.500664234E0,1.140519500E0,2.380204439E0,6.101103582E0
7.047693500E0,5.534438610E0,1.255548596E0,2.697317123E0,6.283465021E0
7.057662500E0,5.529977798E0,1.453386068E0,2.970342636E0,6.443284946E0
7.067630500E0,5.438605309E0,1.585695148E0,3.211849213E0,6.512206398E0
7.077599500E0,5.278366089E0,1.834092736E0,3.358968735E0,6.519794145E0
7.087567500E0,5.056409836E0,2.042454004E0,3.409845591E0,6.431636319E0
7.097536500E0,4.764567852E0,2.273529530E0,3.405946732E0,6.282556524E0
7.107504500E0,4.373823166E0,2.663751364E0,3.414008379E0,6.154782988E0
7.117472500E0,3.882538319E0,2.582036257E0,3.526469946E0,5.846110271E0
7.127441500E0,3.344604969E0,2.133888006E0,3.610370874E0,5.364199686E0
7.137409500E0,2.781754255E0,1.913777709E0,3.723048687E0,5.026111159E0
7.147378500E0,2.184761524E0,1.863190413E0,3.858426094E0,4.809585570E0
7.157346500E0,1.609261274E0,1.779250979E0,3.973073244E0,4.641203174E0
7.167315500E0,1.110456586E0,1.686990023E0,4.009602070E0,4.489538721E0
7.177283500E0,7.016173005E-1,1.625212908E0,4.016830921E0,4.389591608E0
7.187252500E0,3.702726662E-1,1.589637041E0,4.115841866E0,4.427663270E0
7.197220500E0,1.011463776E-1,1.666125536E0,4.350112438E0,4.659365098E0
7.207189500E0,-1.757675111E-1,1.779541612E0,4.715737343E0,5.043395806E0
7.217157500E0,-4.689014256E-1,1.808668971E0,5.096508980E0,5.428218472E0
7.227125500E0,-7.646641135E-1,1.834298134E0,5.425993443E0,5.778474339E0
7.237094500E0,-1.016089320E0,1.930416107E0,5.651035786E0,6.057487045E0
7.247062500E0,-1.173980594E0,1.958405375E0,5.725646496E0,6.164139019E0
7.257031500E0,-1.255617738E0,1.946312428E0,5.648897171E0,6.105304842E0
7.266999500E0,-1.291061759E0,1.886015892E0,5.422736168E0,5.884722930E0
7.276968500E0,-1.295705795E0,1.771101713E0,5.109959602E0,5.561235647E0
7.286936500E0,-1.303400397E0,1.571433544E0,4.801136017E0,5.217198772E0
7.296905500E0,-1.345861077E0,1.341269016E0,4.572890759E0,4.951936440E0
7.306873500E0,-1.444559693E0,1.241334677E0,4.407541275E0,4.801466919E0
7.316842500E0,-1.594093204E0,1.243745446E0,4.242725849E0,4.699867924E0
7.326810500E0,-1.766035438E0,1.173848033E0,4.045381546E0,4.567484234E0
7.336778500E0,-1.958575606E0,1.079121828E0,3.819937944E0,4.426335756E0
7.346747500E0,-2.177351713E0,9.862880111E-1,3.549909115E0,4.279658777E0
7.356715500E0,-2.425585985E0,8.106550574E-1,3.284515142E0,4.162771759E0
7.366684500E0,-2.719115734E0,5.972796679E-1,3.047420263E0,4.127602650E0
7.376652500E0,-3.061607599E0,3.788948655E-1,2.863385439E0,4.209035351E0
7.386621500E0,-3.461427927E0,2.353470474E-1,2.753637075E0,4.429377910E0
7.396589500E0,-3.891486645E0,1.612002999E-1,2.692681074E0,4.734995798E0
7.406558500E0,-4.298074245E0,1.238744929E-1,2.669115305E0,5.060925174E0
7.416526500E0,-4.663793087E0,1.439907998E-1,2.647670746E0,5.364872756E0
7.426495500E0,-4.992213726E0,1.611825675E-1,2.522649050E0,5.595706920E0
7.436463500E0,-5.320223808E0,1.037143320E-1,2.327842236E0,5.808131154E0
7.446431500E0,-5.663952351E0,3.220792115E-2,2.118179321E0,6.047154473E0
7.456400500E0,-6.018149376E0,5.116776004E-2,1.906581759E0,6.313144546E0
7.466368333E0,-6.344654083E0,1.355955601E-1,1.696736097E0,6.569013242E0
7.476337333E0,-6.588211060E0,1.121807024E-1,1.533342957E0,6.765223581E0
7.486305333E0,-6.701508999E0,-9.093140811E-2,1.486711264E0,6.865042007E0
7.496274333E0,-6.676546574E0,-2.478082329E-1,1.523252487E0,6.852589380E0
7.506242333E0,-6.519823074E0,-4.344542623E-1,1.604315877E0,6.728348450E0
7.516211333E0,-6.285511017E0,-5.818662047E-1,1.712446451E0,6.540542017E0
7.526179333E0,-5.998898983E0,-4.525569677E-1,1.807383418E0,6.281578754E0
7.536148333E0,-5.660931587E0,-1.091960669E-1,1.799314737E0,5.941010330E0
7.546116333E0,-5.338255882E0,3.774569333E-1,1.586967111E0,5.581927464E0
7.556084333E0,-5.076000690E0,9.970287681E-1,1.193417311E0,5.308869395E0
7.566053333E0,-4.870579243E0,1.501850367E0,7.846308947E-1,5.156912092E0
7.576021333E0,-4.727153778E0,1.694088459E0,4.596801698E-1,5.042541463E0
7.585990333E0,-4.615871429E0,1.506827712E0,2.393512726E-1,4.861490290E0
7.595958333E0,-4.524399281E0,1.154023886E0,1.094643772E-1,4.670539843E0
7.605927333E0,-4.422563076E0,8.368203640E-1,-2.779920399E-2,4.501122669E0
7.615895333E0,-4.275118828E0,7.204599380E-1,-2.345334888E-1,4.341740374E0
7.625864333E0,-4.084957600E0,8.479529619E-1,-5.416023135E-1,4.207045981E0
7.635832333E0,-3.867549896E0,1.221367002E0,-9.387966394E-1,4.163054009E0
7.645801333E0,-3.653539419E0,1.749191403E0,-1.369387984E0,4.275891054E0
7.655769333E0,-3.490227461E0,2.318945646E0,-1.836288571E0,4.575057634E0
7.665737333E0,-3.402507067E0,2.864872217E0,-2.304762363E0,5.009638381E0
7.675706333E0,-3.322419405E0,3.455711842E0,-2.735818863E0,5.519521708E0
7.685674333E0,-3.184650898E0,4.034377575E0,-3.145949364E0,6.026209518E0
7.695643333E0,-2.960074663E0,4.532876968E0,-3.523977518E0,6.459677482E0
7.705611333E0,-2.671806812E0,4.874860764E0,-3.795942068E0,6.731418520E0
7.715580333E0,-2.358028650E0,4.947975636E0,-3.891731024E0,6.722226742E0
7.725548333E0,-2.061522484E0,4.886740685E0,-3.827147007E0,6.540425344E0
7.735517333E0,-1.807093501E0,4.780408382E0,-3.652166605E0,6.281418004E0
7.745485333E0,-1.644155145E0,4.415656090E0,-3.373630285E0,5.795053593E0
7.755454333E0,-1.610994339E0,3.861785173E0,-3.006111860E0,5.152222433E0
7.765422333E0,-1.680812240E0,3.325954914E0,-2.563475609E0,4.523108784E0
7.775390333E0,-1.799797177E0,2.974943161E0,-2.198910952E0,4.113972054E0
7.785359333E0,-1.885757804E0,2.853457689E0,-1.984736204E0,3.954425506E0
7.795327333E0,-1.881068468E0,2.910726309E0,-1.912483215E0,3.958325186E0
7.805296333E0,-1.731438160E0,3.044187546E0,-1.890994668E0,3.980052355E0
7.815264333E0,-1.444170475E0,3.317424774E0,-1.925824046E0,4.098747827E0
7.825233333E0,-1.075643539E0,3.575385809E0,-2.041468143E0,4.255347799E0
7.835201333E0,-6.776531935E-1,3.543715239E0,-2.079330683E0,4.164222332E0
7.845170333E0,-2.555253506E-1,3.224403620E0,-1.954061508E0,3.778945393E0
7.855138333E0,1.290252954E-1,2.813879013E0,-1.729842901E0,3.305589069E0
7.865107333E0,4.741246402E-1,2.513633966E0,-1.460944057E0,2.945760925E0
7.875075333E0,7.828176618E-1,2.545806885E0,-1.258164167E0,2.945660072E0
7.885043333E0,1.102819324E0,2.962573767E0,-1.163333178E0,3.368441459E0
7.895012333E0,1.430945277E0,3.579542160E0,-1.169917822E0,4.028577190E0
7.904980333E0,1.703238249E0,4.177367687E0,-1.289748788E0,4.692000987E0
7.914949333E0,1.853993893E0,4.682274342E0,-1.587825298E0,5.280357520E0
7.924917333E0,1.887109995E0,5.041791439E0,-1.981939077E0,5.736630331E0
7.934886333E0,1.852889299E0,5.174566746E0,-2.347142935E0,5.976488912E0
7.944854333E0,1.813306451E0,5.022520542E0,-2.598074675E0,5.938331828E0
7.954823333E0,1.831900120E0,4.658757687E0,-2.653241396E0,5.665648342E0
7.964791333E0,1.957891822E0,4.252500534E0,-2.469372034E0,5.292910298E0
7.974760333E0,2.201460123E0,4.015770435E0,-2.072158098E0,5.026597064E0
7.984728333E0,2.548267126E0,3.665709972E0,-1.535394311E0,4.721073039E0
7.994697333E0,2.952971697E0,3.220263720E0,-9.654015303E-1,4.474610640E0
8.004665333E0,3.354629993E0,2.925022840E0,-4.347627163E-1,4.471948080E0
8.014633333E0,3.745889664E0,2.840250731E0,5.160309374E-4,4.700926914E0
8.024602333E0,4.105967522E0,2.816443920E0,3.056943119E-1,4.988464158E0
8.034570333E0,4.403179169E0,2.827629805E0,5.147756934E-1,5.258181351E0
8.044539333E0,4.615422726E0,2.833837986E0,6.676499248E-1,5.456969955E0
8.054507333E0,4.774068356E0,2.666697741E0,7.643271089E-1,5.521521659E0
8.064476333E0,4.912012100E0,2.291219950E0,8.454803228E-1,5.485652988E0
8.074444333E0,5.028945446E0,1.836396456E0,9.571791887E-1,5.438642868E0
8.084413333E0,5.129718304E0,1.586121440E0,1.152009606E0,5.491531410E0
8.094381333E0,5.210843086E0,1.497232199E0,1.378547192E0,5.594191835E0
8.104350333E0,5.244704247E0,1.421487093E0,1.536753297E0,5.647048688E0
8.114318333E0,5.190960884E0,1.442820787E0,1.607803583E0,5.622529599E0
8.124286333E0,5.037960529E0,1.558537602E0,1.627367735E0,5.518913978E0
8.134255333E0,4.851309299E0,1.607932448E0,1.542630672E0,5.338572662E0
8.144223333E0,4.688532829E0,1.583023429E0,1.366890192E0,5.133876904E0
8.154192333E0,4.546470165E0,1.432453275E0,1.206499457E0,4.917108326E0
8.164160333E0,4.394516468E0,1.280786991E0,1.178657770E0,4.726671603E0
8.174129333E0,4.237642765E0,1.240258336E0,1.350218892E0,4.617244633E0
8.184097333E0,4.081514359E0,1.407212138E0,1.679224133E0,4.632364315E0
8.194066333E0,3.988492250E0,1.735598326E0,2.100671768E0,4.830444478E0
8.204034333E0,4.013338089E0,2.107894421E0,2.554810286E0,5.203571572E0
8.214003333E0,4.108434677E0,2.529222012E0,2.953524828E0,5.656810797E0
8.223971333E0,4.153416157E0,2.692061186E0,3.303287506E0,5.950610687E0
8.233940333E0,4.126515388E0,2.310364723E0,3.609613180E0,5.949388348E0
8.243908333E0,4.146420479E0,1.747535229E0,3.839381218E0,5.915025807E0
8.253876333E0,4.140225887E0,1.339703441E0,4.104847431E0,5.982144109E0
8.263845333E0,4.080190182E0,1.140655160E0,4.334370136E0,6.061007391E0
8.273813333E0,3.933797836E0,8.699461818E-1,4.407334805E0,5.971278913E0
8.283782333E0,3.696474314E0,8.875228167E-1,4.319688320E0,5.754244198E0
8.293750333E0,3.348830223E0,1.030690312E0,4.101647854E0,5.394488067E0
8.303719333E0,2.901363611E0,1.104646802E0,3.828037739E0,4.928694380E0
8.313687333E0,2.344281435E0,1.197403431E0,3.728761673E0,4.564328432E0
8.323656333E0,1.657343388E0,1.297480702E0,3.927036285E0,4.455542309E0
8.333624333E0,8.688350320E-1,1.202938914E0,4.319927216E0,4.567680756E0
8.343593333E0,4.025289416E-2,1.141106963E0,4.820503712E0,4.953887507E0
8.353561333E0,-7.582364678E-1,1.252149343E0,5.288732052E0,5.487575716E0
8.363529333E0,-1.394072533E0,1.449881911E0,5.581343174E0,5.932704898E0
8.373498333E0,-1.767422915E0,1.520398378E0,5.617405891E0,6.081993418E0
8.383466333E0,-1.927871227E0,1.510287166E0,5.472813129E0,5.995776709E0
8.393435333E0,-1.976531982E0,1.483181715E0,5.231996536E0,5.786215899E0
8.403403333E0,-1.982037544E0,1.318501949E0,4.985048294E0,5.524276126E0
8.413372333E0,-1.992423534E0,1.108682394E0,4.797671795E0,5.311928354E0
8.423340333E0,-2.046705008E0,8.781437278E-1,4.671749115E0,5.175459167E0
8.433309333E0,-2.130944967E0,7.007282376E-1,4.562878609E0,5.084467299E0
8.443277333E0,-2.227175474E0,6.019316316E-1,4.466601372E0,5.027241798E0
8.453246333E0,-2.352564812E0,5.101608038E-1,4.370836735E0,4.989893686E0
8.463214333E0,-2.515041590E0,4.386008680E-1,4.220011711E0,4.932170289E0
8.473183083E0,-2.764482021E0,3.183971345E-1,4.039733887E0,4.905424289E0
8.483151083E0,-3.059221745E0,2.862154841E-1,3.857315779E0,4.931494905E0
8.493119083E0,-3.389674902E0,2.838805318E-1,3.704221010E0,5.029089121E0
8.503088083E0,-3.764608383E0,2.355657220E-1,3.578227043E0,5.199180345E0
8.513056083E0,-4.173976898E0,1.738033891E-1,3.476084471E0,5.434653072E0
8.523025083E0,-4.592202663E0,2.402196974E-1,3.379943132E0,5.707017293E0
8.532993083E0,-4.968893528E0,3.442796767E-1,3.302063227E0,5.975956237E0
8.542962083E0,-5.246247768E0,3.709192872E-1,3.249318361E0,6.182132850E0
8.552930083E0,-5.427325249E0,3.423352838E-1,3.207043648E0,6.313333649E0
8.562899083E0,-5.510672092E0,3.239299059E-1,3.185874224E0,6.373557253E0
8.572867083E0,-5.516900063E0,2.026364207E-1,3.153548717E0,6.357839046E0
8.582836083E0,-5.457870007E0,5.562806129E-2,3.085067511E0,6.269695450E0
8.592804083E0,-5.333100319E0,-2.996629663E-2,2.971425056E0,6.105098186E0
8.602772083E0,-5.170095921E0,-1.126513183E-1,2.772368431E0,5.867589698E0
8.612741083E0,-4.994531631E0,-1.195108742E-1,2.495007753E0,5.584325631E0
8.622709083E0,-4.814447403E0,4.818369634E-4,2.132625103E0,5.265642777E0
8.632678083E0,-4.642150402E0,1.478497535E-1,1.709601998E0,4.949157393E0
8.642646083E0,-4.447048664E0,3.268754482E-1,1.321657896E0,4.650792295E0
8.652615083E0,-4.227720261E0,3.913196921E-1,1.005640745E0,4.363262886E0
8.662583083E0,-3.995333195E0,4.336330593E-1,7.744000554E-1,4.092727747E0
8.672552083E0,-3.746892929E0,4.841215909E-1,5.978759527E-1,3.825053724E0
8.682520083E0,-3.513598919E0,5.261769295E-1,4.058707952E-1,3.575887390E0
8.692489083E0,-3.322187185E0,6.614474654E-1,2.286237329E-1,3.395100772E0
8.702457083E0,-3.187006474E0,9.030742049E-1,1.228229925E-1,3.314760741E0
8.712425083E0,-3.141327381E0,1.152610898E0,1.737398654E-2,3.346154726E0
8.722394083E0,-3.236305714E0,1.263052702E0,-1.447222382E-1,3.477056417E0
8.732362083E0,-3.466004848E0,1.311249018E0,-3.420345783E-1,3.721498522E0
8.742331083E0,-3.779968262E0,1.519782782E0,-5.607392192E-1,4.112460120E0
8.752299083E0,-4.088079453E0,1.733496904E0,-8.389045596E-1,4.518978423E0
8.762268083E0,-4.284592628E0,2.074934006E0,-1.187006950E0,4.906329649E0
8.772236083E0,-4.284373283E0,2.372425079E0,-1.516204715E0,5.126707708E0
8.782205083E0,-4.090196133E0,2.541527987E0,-1.831310630E0,5.151967346E0
8.792173083E0,-3.764345169E0,2.707082748E0,-2.194243431E0,5.129648701E0
8.802142083E0,-3.334908485E0,3.074560165E0,-2.567647457E0,5.212230643E0
8.812110083E0,-2.811110258E0,3.577387094E0,-2.877925873E0,5.383539415E0
8.822079083E0,-2.215372801E0,4.086275101E0,-3.116178513E0,5.596078034E0
8.832047083E0,-1.597636104E0,4.628319263E0,-3.301897287E0,5.905616481E0
8.842015083E0,-9.954870939E-1,5.088697910E0,-3.550742149E0,6.284394226E0
8.851984083E0,-4.341120422E-1,5.621763706E0,-3.987505913E0,6.906003464E0
8.861952083E0,-2.074392512E-2,5.877868652E0,-4.408471107E0,7.347406870E0
8.871921083E0,2.174750119E-1,6.127781868E0,-4.618819237E0,7.676620164E0
8.881889083E0,2.628219724E-1,6.218128204E0,-4.645569801E0,7.766306235E0
8.891858083E0,1.445598453E-1,6.091477871E0,-4.646503448E0,7.662701514E0
8.901826083E0,-8.376920968E-2,5.911582947E0,-4.654862881E0,7.524731135E0
8.911795083E0,-3.419809639E-1,5.802652359E0,-4.571428776E0,7.394977108E0
8.921763083E0,-5.600371361E-1,5.634042263E0,-4.359901428E0,7.145964895E0
8.931732083E0,-6.993288398E-1,5.282978058E0,-4.048517227E0,6.692489053E0
8.941700083E0,-7.357510328E-1,4.961801529E0,-3.711189270E0,6.239689880E0
8.951668083E0,-6.526411772E-1,4.758824348E0,-3.438114405E0,5.907028047E0
8.961637083E0,-4.413353205E-1,4.693375587E0,-3.265833139E0,5.734824964E0
8.971605083E0,-1.256061792E-1,4.637892723E0,-3.159540176E0,5.613245046E0
8.981574083E0,2.423065901E-1,4.492980003E0,-3.079517841E0,5.452431745E0
8.991542083E0,6.011589170E-1,4.307609558E0,-2.967454433E0,5.265232945E0
9.001511083E0,9.049052000E-1,4.152614594E0,-2.873718500E0,5.130430723E0
9.011479083E0,1.136322975E0,4.013181686E0,-2.819631338E0,5.034598101E0
9.021448083E0,1.295072079E0,3.882636070E0,-2.789583683E0,4.953165823E0
9.031416083E0,1.392317653E0,3.741616726E0,-2.788892984E0,4.869924871E0
9.041385083E0,1.458522320E0,3.649092913E0,-2.699757576E0,4.767793768E0
9.051353083E0,1.514571905E0,3.453934193E0,-2.475148916E0,4.511092065E0
9.061322083E0,1.566337943E0,3.194649935E0,-2.141224861E0,4.152595172E0
9.071290083E0,1.631507874E0,2.978032589E0,-1.737324595E0,3.814287980E0
9.081259083E0,1.716973782E0,2.731901407E0,-1.411300421E0,3.521796863E0
9.091227083E0,1.826063395E0,2.415150404E0,-1.219829202E0,3.264267495E0
9.101195083E0,1.973883748E0,2.181159019E0,-1.097413301E0,3.139743250E0
9.111164083E0,2.164551735E0,2.093513489E0,-9.842949510E-1,3.168109766E0
9.121132083E0,2.414788246E0,2.179735661E0,-8.368991017E-1,3.358995375E0
9.131101083E0,2.712105751E0,2.299288750E0,-6.895122528E-1,3.621832893E0
9.141069083E0,3.052237034E0,2.388350248E0,-5.410788655E-1,3.913199990E0
9.151038083E0,3.409676075E0,2.501266718E0,-3.199977279E-1,4.240828301E0
9.161006083E0,3.745408773E0,2.652464151E0,-1.164816134E-2,4.589530328E0
9.170975083E0,4.020892620E0,2.819758415E0,3.482915759E-1,4.923405529E0
9.180943083E0,4.246580124E0,2.810661793E0,6.969132423E-1,5.139936822E0
9.190912083E0,4.454434395E0,2.643683195E0,9.928572774E-1,5.274164596E0
9.200880083E0,4.653866768E0,2.400259256E0,1.263400912E0,5.386641092E0
9.210848083E0,4.804072857E0,2.009509563E0,1.596210837E0,5.446570824E0
9.220817083E0,4.922286510E0,1.412117124E0,2.040483475E0,5.512399847E0
9.230785083E0,5.025562286E0,8.800754547E-1,2.634054422E0,5.741868320E0
9.240754083E0,5.119287491E0,4.061233401E-1,3.248691320E0,6.076679675E0
9.250722083E0,5.185737610E0,-5.314158648E-2,3.731051207E0,6.388696400E0
9.260691083E0,5.237457752E0,-2.778055966E-1,4.060554504E0,6.632966345E0
9.270659083E0,5.266738892E0,-1.804771721E-1,4.230057240E0,6.757550948E0
9.280628083E0,5.198157310E0,1.105914190E-1,4.209030151E0,6.689469688E0
9.290596083E0,4.999864101E0,3.850980103E-1,3.985765934E0,6.405721785E0
9.300565083E0,4.778586864E0,8.348342776E-1,3.626326561E0,6.056573703E0
9.310533083E0,4.472881317E0,9.928982854E-1,3.330605507E0,5.664401762E0
9.320502083E0,4.092214584E0,1.277542830E0,3.187013388E0,5.341852695E0
9.330470083E0,3.671400070E0,1.434952855E0,3.127161980E0,5.031640907E0
9.340438083E0,3.183690310E0,1.624725223E0,3.198125362E0,4.796209114E0
9.350407083E0,2.639528751E0,1.542141080E0,3.443907499E0,4.604976656E0
9.360375083E0,2.128557682E0,1.204469562E0,3.802335739E0,4.520980182E0
9.370344083E0,1.699300766E0,1.126796842E0,4.230988979E0,4.696654337E0
9.380312083E0,1.396542549E0,1.078872919E0,4.673485279E0,4.995574293E0
9.390281083E0,1.158190012E0,1.084853768E0,5.116862297E0,5.357293306E0
9.400249083E0,9.119186997E-1,1.159255028E0,5.520458221E0,5.714098959E0
9.410218083E0,5.710268617E-1,1.274942756E0,5.890379429E0,6.053769117E0
9.420186083E0,1.546157449E-1,1.395009756E0,6.159740448E0,6.317623021E0
9.430155083E0,-2.430417240E-1,1.473141313E0,6.145595551E0,6.324362361E0
9.440123083E0,-5.468663573E-1,1.461989045E0,5.891527176E0,6.094798376E0
9.450092083E0,-7.224461436E-1,1.454551578E0,5.527734756E0,5.761380066E0
9.460060083E0,-7.878813148E-1,1.471411228E0,5.100125313E0,5.366291660E0
9.470028625E0,-7.575714588E-1,1.433604598E0,4.616869926E0,4.893324491E0
9.479997625E0,-6.558424234E-1,1.405563354E0,4.136224270E0,4.417475392E0
9.489965625E0,-4.850318432E-1,1.333513379E0,3.700810194E0,3.963522412E0
9.499934625E0,-2.555182278E-1,1.225885749E0,3.326513529E0,3.554402579E0
9.509902625E0,-7.517384365E-4,1.109411120E0,3.091606140E0,3.284634245E0
9.519871625E0,2.284675986E-1,9.962136745E-1,2.986802578E0,3.156838413E0
9.529839625E0,3.947901130E-1,8.853596449E-1,3.001204729E0,3.153878685E0
9.539808625E0,4.463345408E-1,9.137276411E-1,3.116399288E0,3.278117943E0
9.549776625E0,3.468525112E-1,9.732111096E-1,3.249139547E0,3.409450737E0
9.559745625E0,1.278993934E-1,9.168383479E-1,3.327485085E0,3.453854050E0
9.569713625E0,-1.797803342E-1,8.712819815E-1,3.360658169E0,3.476417206E0
9.579682625E0,-5.063491464E-1,8.084750772E-1,3.326648951E0,3.460724584E0
9.589650625E0,-8.279381990E-1,6.277570724E-1,3.186990499E0,3.352084284E0
9.599618625E0,-1.103775382E0,4.429829717E-1,2.976330280E0,3.205167070E0
9.609587625E0,-1.334668040E0,2.907864749E-1,2.734615803E0,3.056798839E0
9.619555625E0,-1.527120113E0,2.097955048E-1,2.488269567E0,2.927045513E0
9.629524625E0,-1.711114049E0,1.379014552E-1,2.228904724E0,2.813351092E0
9.639492625E0,-1.948562026E0,3.821507469E-2,1.997068167E0,2.790454376E0
9.649461625E0,-2.295917511E0,-3.674616292E-2,1.840732336E0,2.942937823E0
9.659429625E0,-2.761730194E0,-1.794122458E-1,1.791995406E0,3.297057772E0
9.669398625E0,-3.330464840E0,-2.774523497E-1,1.811252594E0,3.801264502E0
9.679366625E0,-3.977232218E0,-3.083708584E-1,1.872822165E0,4.406918602E0
9.689335625E0,-4.673021793E0,-4.416325390E-1,1.842885375E0,5.042657879E0
9.699303625E0,-5.408389568E0,-4.301716387E-1,1.691930175E0,5.683164002E0
9.709272625E0,-6.087854385E0,-3.377742767E-1,1.473357558E0,6.272706352E0
9.719240625E0,-6.650155544E0,-3.443054259E-1,1.189322114E0,6.764436568E0
9.729208625E0,-7.025808334E0,-2.828163505E-1,9.368733764E-1,7.093637964E0
9.739177625E0,-7.172417641E0,-2.149254531E-1,7.826611996E-1,7.218194117E0
9.749145625E0,-7.107730389E0,-1.421184242E-1,6.950003505E-1,7.143042378E0
9.759114625E0,-6.871549129E0,-7.702624053E-2,6.439243555E-1,6.902083675E0
9.769082625E0,-6.515032768E0,-3.309343942E-3,5.564051270E-1,6.538749849E0
9.779051625E0,-6.096886635E0,1.134372428E-1,4.204297364E-1,6.112418164E0
9.789019625E0,-5.684307098E0,2.161825746E-1,2.389821708E-1,5.693434339E0
9.798988625E0,-5.310693741E0,3.610380292E-1,4.436128587E-2,5.323136706E0
9.808956625E0,-4.981446266E0,4.666597247E-1,-1.758306026E-1,5.006345434E0
9.818925625E0,-4.689656734E0,6.439125538E-1,-4.302711189E-1,4.753171247E0
9.828893625E0,-4.436929703E0,8.813675046E-1,-6.329969168E-1,4.567695148E0
9.838862625E0,-4.232703209E0,9.949060082E-1,-7.675046921E-1,4.415277780E0
9.848830625E0,-4.101868153E0,1.047769547E0,-8.487523198E-1,4.317814709E0
9.858798625E0,-4.040883064E0,1.040671110E0,-9.045141339E-1,4.269646135E0
9.868767625E0,-4.054598808E0,9.979821444E-1,-9.768539071E-1,4.288354394E0
9.878735625E0,-4.138733387E0,9.697707891E-1,-1.124541402E0,4.397062974E0
9.888704625E0,-4.260792732E0,1.100532174E0,-1.328215003E0,4.596703261E0
9.898672625E0,-4.351914883E0,1.287226319E0,-1.522626877E0,4.786910000E0
9.908641625E0,-4.386142254E0,1.393534422E0,-1.717878222E0,4.912360700E0
9.918609625E0,-4.318201542E0,1.574187517E0,-1.851034164E0,4.954922641E0
9.928578625E0,-4.099010468E0,1.866374016E0,-1.966890574E0,4.914661464E0
9.938546625E0,-3.775794744E0,2.150751114E0,-2.117999077E0,4.834074513E0
9.948515625E0,-3.365789413E0,2.541898012E0,-2.280042887E0,4.794619844E0
9.958483625E0,-2.900586843E0,3.041769981E0,-2.456234455E0,4.868147117E0
9.968451625E0,-2.419585466E0,3.537746191E0,-2.694489002E0,5.062638929E0
9.978420625E0,-1.965232730E0,3.967608213E0,-3.025642157E0,5.362701286E0
9.988388625E0,-1.577271700E0,4.208015919E0,-3.280383110E0,5.563820390E0
9.998357625E0,-1.280413389E0,4.280508995E0,-3.360872269E0,5.590856653E0
1.000832563E1,-1.081498742E0,4.295962811E0,-3.337783098E0,5.546686579E0
1.001829463E1,-9.608572125E-1,4.147343159E0,-3.279617071E0,5.373973390E0
1.002826263E1,-9.010664821E-1,4.035271645E0,-3.232537270E0,5.248298319E0
1.003823163E1,-9.317476749E-1,4.069643497E0,-3.207921267E0,5.265065126E0
1.004819963E1,-1.034589052E0,4.302444935E0,-3.142957687E0,5.427668924E0
1.005816863E1,-1.147685528E0,4.717642307E0,-3.110860825E0,5.766349459E0
1.006813663E1,-1.212389708E0,5.150449276E0,-3.199892998E0,6.183553327E0
1.007810563E1,-1.183531165E0,5.472579002E0,-3.336831570E0,6.517999070E0
1.008807363E1,-1.071214318E0,5.646100044E0,-3.417093992E0,6.685991114E0
1.009804263E1,-8.854934573E-1,5.667419434E0,-3.383246899E0,6.659587170E0
1.010801063E1,-6.225108504E-1,5.489852428E0,-3.212686777E0,6.391193611E0
1.011797862E1,-3.408975601E-1,5.257664204E0,-2.945866823E0,6.036337910E0
1.012794763E1,-8.885432035E-2,4.857439518E0,-2.664778948E0,5.541088395E0
1.013791563E1,1.016011089E-1,4.340987682E0,-2.314509630E0,4.920513355E0
1.014788463E1,2.083066106E-1,3.772555828E0,-1.938532591E0,4.246584242E0
1.015785263E1,2.791251242E-1,3.216720819E0,-1.580609322E0,3.594931083E0
1.016782163E1,3.657393754E-1,2.872062206E0,-1.278051615E0,3.164794233E0
1.017778963E1,4.967860878E-1,2.796302319E0,-1.123863935E0,3.054369529E0
1.018775863E1,7.025096416E-1,2.827014685E0,-1.074651480E0,3.104900582E0
1.019772663E1,1.005909681E0,2.891699314E0,-1.079730630E0,3.246474618E0
1.020769563E1,1.385016084E0,2.945822001E0,-1.122777581E0,3.443365550E0
1.021766363E1,1.823330283E0,2.985767603E0,-1.101153851E0,3.667680644E0
1.022763262E1,2.288412333E0,2.992940187E0,-9.009630084E-1,3.873790948E0
1.023760063E1,2.755292416E0,2.956874609E0,-5.838151574E-1,4.083574891E0
1.024756863E1,3.173251390E0,2.923917055E0,-2.830154300E-1,4.324223984E0
1.025753763E1,3.537105560E0,2.787454605E0,1.782671362E-2,4.503480511E0
1.026750563E1,3.845237017E0,2.737218618E0,3.455033004E-1,4.732608795E0
1.027747463E1,4.098432541E0,2.685859919E0,6.633989811E-1,4.944804445E0
1.028744263E1,4.308538914E0,2.608887196E0,9.133723974E-1,5.118989071E0
1.029741163E1,4.497178555E0,2.551047802E0,1.072265625E0,5.280361106E0
1.030737963E1,4.694767952E0,2.424148560E0,1.164576769E0,5.410506576E0
1.031734863E1,4.913587570E0,2.235491514E0,1.151730776E0,5.519714567E0
1.032731663E1,5.130871773E0,2.074241877E0,1.045889020E0,5.632247185E0
1.033728563E1,5.275329590E0,1.892391443E0,9.246464372E-1,5.680248119E0
1.034725363E1,5.317337036E0,1.657424569E0,8.279587030E-1,5.630865384E0
1.035722263E1,5.224197865E0,1.460574389E0,7.833126783E-1,5.480793704E0
1.036719063E1,5.027418613E0,1.401438236E0,8.447751999E-1,5.287022998E0
1.037715863E1,4.819303989E0,1.536633372E0,1.013541102E0,5.158895098E0
1.038712762E1,4.692177773E0,1.743437886E0,1.228554130E0,5.154168523E0
1.039709563E1,4.679039955E0,1.729603887E0,1.394530296E0,5.179735442E0
1.040706463E1,4.697232723E0,1.481333852E0,1.556278825E0,5.165302413E0
1.041703263E1,4.615190506E0,1.154811144E0,1.868922710E0,5.111403357E0
1.042700163E1,4.414615154E0,1.004477978E0,2.384050369E0,5.116786016E0
1.043696963E1,4.149780273E0,1.163559318E0,3.039729118E0,5.273945365E0
1.044693863E1,3.898632288E0,1.510200381E0,3.652004004E0,5.551321658E0
1.045690663E1,3.630912066E0,1.817794442E0,4.107973576E0,5.776101277E0
1.046687563E1,3.336173534E0,2.097808361E0,4.357971668E0,5.875608124E0
1.047684338E1,3.064317465E0,2.345953703E0,4.327285767E0,5.798184406E0
1.048681238E1,2.733906746E0,2.256446362E0,4.139068127E0,5.449557894E0
1.049678038E1,2.418164730E0,1.914226174E0,3.884753942E0,4.960150774E0
1.050674938E1,2.154072762E0,1.736079454E0,3.578920126E0,4.523568348E0
1.051671738E1,1.867101312E0,1.558515549E0,3.494114161E0,4.257214088E0
1.052668538E1,1.556819677E0,1.535126925E0,3.824723959E0,4.405543729E0
1.053665437E1,1.285898924E0,1.588459969E0,4.399701595E0,4.851197300E0
1.054662238E1,1.084419370E0,1.648310304E0,5.049104214E0,5.420917412E0
1.055659138E1,9.226832390E-1,1.702022910E0,5.651858807E0,5.974255963E0
1.056655938E1,7.514919639E-1,1.713803768E0,6.110416412E0,6.390543972E0
1.057652838E1,5.141891241E-1,1.764176965E0,6.403576374E0,6.662019303E0
1.058649638E1,1.893301606E-1,1.902704120E0,6.487385750E0,6.763305608E0
1.059646538E1,-2.381066531E-1,1.914314151E0,6.375776291E0,6.661217363E0
1.060643338E1,-6.996430159E-1,1.797610402E0,6.172661304E0,6.467043458E0
1.061640238E1,-1.090888500E0,1.658947945E0,5.874932766E0,6.201369285E0
1.062637038E1,-1.321697712E0,1.406799674E0,5.472376823E0,5.802833641E0
1.063633938E1,-1.369136810E0,1.087917328E0,4.968290806E0,5.267068753E0
1.064630738E1,-1.295374870E0,6.668773293E-1,4.427748203E0,4.661295483E0
1.065627538E1,-1.170858502E0,4.833895266E-1,3.958381414E0,4.156123012E0
1.066624438E1,-1.098221302E0,4.086986482E-1,3.612964630E0,3.798241439E0
1.067621238E1,-1.120076776E0,2.210520506E-1,3.422492266E0,3.607892640E0
1.068618138E1,-1.284229398E0,8.512641490E-2,3.374140978E0,3.611276643E0
1.069614937E1,-1.579339862E0,2.369581349E-2,3.382734299E0,3.733331920E0
1.070611838E1,-1.972123742E0,6.419948768E-3,3.345406294E0,3.883433602E0
1.071608638E1,-2.432884693E0,-4.622355476E-2,3.207222700E0,4.025834323E0
1.072605538E1,-2.948965073E0,-8.726663142E-2,2.958118677E0,4.177855499E0
1.073602338E1,-3.462955952E0,-8.641681075E-2,2.687530518E0,4.384330288E0
1.074599238E1,-3.959625006E0,-2.540313005E-1,2.467919111E0,4.672663783E0
1.075596038E1,-4.436481476E0,-5.457140207E-1,2.339508057E0,5.045143172E0
1.076592938E1,-4.831130505E0,-6.979645491E-1,2.320657492E0,5.404852233E0
1.077589738E1,-5.127574921E0,-8.540995121E-1,2.327435255E0,5.695477628E0
1.078586538E1,-5.331629276E0,-9.102519155E-1,2.325372458E0,5.887460094E0
1.079583438E1,-5.403131962E0,-8.013459444E-1,2.272548914E0,5.916119411E0
1.080580238E1,-5.340058804E0,-5.840212107E-1,2.130095482E0,5.778807452E0
1.081577138E1,-5.152342796E0,-4.627480209E-1,1.959238529E0,5.531671324E0
1.082573938E1,-4.921689987E0,-4.324339926E-1,1.798193455E0,5.257711592E0
1.083570838E1,-4.704046249E0,-4.468350410E-1,1.650026917E0,5.005027622E0
1.084567638E1,-4.523567200E0,-4.978807569E-1,1.530555844E0,4.801369248E0
1.085564538E1,-4.352755070E0,-3.852967024E-1,1.412444353E0,4.592377303E0
1.086561338E1,-4.173089027E0,-2.541048229E-1,1.183467865E0,4.345093495E0
1.087558238E1,-3.998334169E0,-2.464075089E-1,8.407720327E-1,4.093200508E0
1.088555038E1,-3.841181993E0,-2.591970861E-1,4.728784263E-1,3.878849861E0
1.089551938E1,-3.675035477E0,-3.315546513E-1,1.922635585E-1,3.694966782E0
1.090548738E1,-3.534987926E0,-4.397975802E-1,-3.695862740E-2,3.562432805E0
1.091545538E1,-3.435097694E0,-4.731901586E-1,-2.188051194E-1,3.474432439E0
1.092542438E1,-3.367839098E0,-4.961361885E-1,-3.920521438E-1,3.426688809E0
1.093539238E1,-3.335265636E0,-1.609350145E-1,-6.325454712E-1,3.398530670E0
1.094536138E1,-3.308236599E0,4.350674748E-1,-8.398084044E-1,3.440783524E0
1.095532938E1,-3.253803968E0,8.416951299E-1,-9.880838990E-1,3.503141554E0
1.096529837E1,-3.175123215E0,9.035224915E-1,-1.001970530E0,3.449884819E0
1.097526638E1,-3.090554237E0,6.762176752E-1,-9.246726036E-1,3.296030228E0
1.098523538E1,-2.991620064E0,3.884645402E-1,-9.068697095E-1,3.150096502E0
1.099520338E1,-2.846264362E0,2.643990517E-1,-9.838587642E-1,3.023095392E0
1.100517238E1,-2.634018660E0,2.528639138E-1,-1.054790258E0,2.848609652E0
1.101514038E1,-2.363793850E0,2.693006992E-1,-1.137941837E0,2.637225030E0
1.102510938E1,-2.021644592E0,4.601381421E-1,-1.284355760E0,2.438922648E0
1.103507738E1,-1.635617733E0,6.001306772E-1,-1.428111315E0,2.252754786E0
1.104504538E1,-1.287382603E0,7.276974916E-1,-1.618292809E0,2.192206473E0
1.105501438E1,-1.036043286E0,9.778756499E-1,-1.804944992E0,2.299446216E0
1.106498238E1,-8.965394497E-1,1.170940518E0,-2.065267086E0,2.537757439E0
1.107495138E1,-8.553227782E-1,1.137212992E0,-2.478738070E0,2.858141505E0
1.108491938E1,-8.558304906E-1,9.809186459E-1,-2.941738844E0,3.216904513E0
1.109488838E1,-8.848275542E-1,8.780180812E-1,-3.357076883E0,3.581033475E0
1.110485638E1,-9.013543129E-1,1.005498648E0,-3.453938246E0,3.708524846E0
1.111482537E1,-9.094207883E-1,1.270007014E0,-3.175826788E0,3.539186315E0
1.112479338E1,-9.374241829E-1,1.682549477E0,-2.700067282E0,3.316639891E0
1.113476238E1,-1.070917249E0,2.120454311E0,-2.149050474E0,3.203374499E0
1.114473038E1,-1.309620500E0,2.223823786E0,-1.733807921E0,3.109113699E0
1.115469838E1,-1.560933948E0,2.009485483E0,-1.510805964E0,2.959236617E0
1.116466738E1,-1.797203541E0,1.544863701E0,-1.369507551E0,2.737169223E0
1.117463538E1,-2.042392254E0,9.899296165E-1,-1.199429989E0,2.567091557E0
1.118460438E1,-2.317137241E0,4.041514099E-1,-9.651883841E-1,2.542449994E0
1.119457238E1,-2.579255581E0,-1.742537320E-2,-7.050899267E-1,2.673951159E0
1.120454138E1,-2.744070292E0,-1.701460928E-1,-4.388899505E-1,2.784150830E0
1.121450938E1,-2.675564289E0,-1.205692142E-1,-2.951399982E-1,2.694492312E0
1.122447838E1,-2.294239283E0,2.417139523E-2,-2.771302164E-1,2.311042903E0
1.123444638E1,-1.622043014E0,2.170513719E-1,-3.211961985E-1,1.667723548E0
1.124441538E1,-7.919481397E-1,4.142992795E-1,-3.007496893E-1,9.430143819E-1
1.125438338E1,-1.769531891E-2,4.262680411E-1,-1.387751400E-1,4.486380576E-1
1.126435238E1,5.511716604E-1,2.516804636E-1,1.061446816E-1,6.151422180E-1
1.127432037E1,8.684667945E-1,1.205107849E-2,2.791289985E-1,9.123008273E-1
1.128428938E1,9.403889775E-1,-3.309774771E-2,3.258220553E-1,9.957845659E-1
1.129425738E1,8.253265619E-1,6.250441074E-2,2.681933641E-1,8.700565589E-1
1.130422538E1,6.223587990E-1,2.339473069E-1,1.251224279E-1,6.765481794E-1
1.131419438E1,4.375348985E-1,4.085995555E-1,-8.883406967E-2,6.052122571E-1
1.132416238E1,3.151443303E-1,4.440099895E-1,-2.897781432E-1,6.167918546E-1
1.133413138E1,2.360513806E-1,4.016971588E-1,-3.965632021E-1,6.118359543E-1
1.134409938E1,1.579142213E-1,3.432177305E-1,-3.709020615E-1,5.294371077E-1
1.135406838E1,6.248809770E-2,2.732897997E-1,-2.596911192E-1,3.821407520E-1
1.136403638E1,-1.993842982E-2,2.007344812E-1,-1.541102827E-1,2.538539977E-1
1.137400538E1,-4.929152504E-2,1.311641932E-1,-1.159652919E-1,1.818836137E-1
1.138397338E1,5.205701571E-3,1.492900103E-1,-1.489714086E-1,2.109670285E-1
1.139394238E1,1.316432655E-1,1.915131062E-1,-1.862490028E-1,2.978185861E-1
1.140391038E1,2.812826037E-1,2.329805940E-1,-1.881326288E-1,4.108451611E-1
1.141387838E1,4.005394876E-1,2.121008784E-1,-1.530817002E-1,4.783854833E-1
1.142384738E1,4.519619644E-1,1.874834299E-1,-9.468964487E-2,4.983831684E-1
1.143381537E1,4.210519791E-1,1.408461481E-1,-7.441872358E-2,4.501783568E-1
1.144378438E1,3.138684332E-1,1.168808118E-1,-6.467479467E-2,3.411119268E-1
1.145375238E1,1.846694201E-1,1.492011994E-1,-9.688866138E-2,2.564199784E-1
1.146372138E1,8.688568324E-2,1.747124940E-1,-1.663037688E-1,2.563796424E-1
1.147369325E1,5.307845399E-2,2.222877294E-1,-2.074048668E-1,3.086194026E-1
1.148366225E1,8.399166167E-2,2.515590787E-1,-2.221860737E-1,3.459815322E-1
1.149363025E1,1.224250719E-1,2.505744994E-1,-2.129832506E-1,3.509093088E-1
1.150359925E1,1.239047945E-1,2.406075597E-1,-1.619401723E-1,3.153870880E-1
1.151356725E1,4.944786802E-2,1.953868270E-1,-9.355125576E-2,2.222002279E-1
1.152353625E1,-1.915684491E-1,4.744500294E-2,-3.926052153E-2,2.012234767E-1
1.153350425E1,-4.149967432E-1,-6.974286586E-2,7.350392640E-3,4.208804967E-1
1.154347225E1,-4.671323597E-1,-1.168778092E-1,3.125757724E-2,4.825454382E-1
1.155344125E1,-3.299475908E-1,-8.234113455E-2,-5.031453911E-3,3.401040880E-1
1.156340925E1,-1.233952790E-1,1.028990187E-2,-7.920539379E-2,1.469890179E-1
1.157337825E1,5.640194751E-3,7.869958878E-2,-1.475114822E-1,1.672874008E-1
1.158334625E1,4.903582484E-2,1.005859300E-1,-1.673417091E-1,2.013089393E-1
1.159331525E1,1.218325347E-1,9.380471706E-2,-1.025331467E-1,1.848121685E-1
1.160328325E1,3.109508157E-1,1.139197648E-1,-1.448036078E-2,3.314782096E-1
1.161325225E1,5.715413690E-1,7.392973453E-2,7.122655958E-2,5.806878377E-1
1.162322025E1,7.583706975E-1,2.763830312E-2,1.425957680E-1,7.721551293E-1
1.163318925E1,7.598466277E-1,3.906077240E-3,2.026146203E-1,7.864062814E-1
1.164315725E1,5.955168009E-1,3.061647899E-2,2.333820760E-1,6.403474231E-1
1.165312625E1,3.322257698E-1,4.388807714E-2,1.987428665E-1,3.896137220E-1